"ConsumerID","History","Income","WalletShare","Promotion","Balance"
1,55,82000,0.643,0.5,836
1,55,82000,0.628,0.2,467
1,55,82000,0.567,1,1208
1,55,82000,0.638,0.8,792
1,55,82000,0.554,0.7,1215
1,55,82000,0.573,1.1,1248
1,55,82000,0.666,0.9,197
1,55,82000,0.649,0.6,567
1,55,82000,0.527,0.1,1190
1,55,82000,0.459,0,1709
1,55,82000,0.59,0.3,621
1,55,82000,0.597,1.2,961
2,47,56000,0.747,0.5,0
2,47,56000,0.732,0.2,15
2,47,56000,0.73,1,495
2,47,56000,0.726,0.8,579
2,47,56000,0.714,0.7,606
2,47,56000,0.734,1.1,461
2,47,56000,0.697,0.9,841
2,47,56000,0.705,0.6,435
2,47,56000,0.637,0.1,525
2,47,56000,0.627,0,1014
2,47,56000,0.599,0.3,1320
2,47,56000,0.611,1.2,1613
3,57,68000,0.703,0.5,0
3,57,68000,0.732,0.2,0
3,57,68000,0.735,1,142
3,57,68000,0.718,0.8,0
3,57,68000,0.687,0.7,332
3,57,68000,0.684,1.1,598
3,57,68000,0.697,0.9,360
3,57,68000,0.674,0.6,562
3,57,68000,0.636,0.1,729
3,57,68000,0.672,0,263
3,57,68000,0.494,0.3,1464
3,57,68000,0.568,1.2,1773
4,52,64000,0.686,0.5,0
4,52,64000,0.672,0.2,0
4,52,64000,0.672,1,319
4,52,64000,0.609,0.8,568
4,52,64000,0.653,0.7,64
4,52,64000,0.673,1.1,110
4,52,64000,0.677,0.9,0
4,52,64000,0.662,0.6,177
4,52,64000,0.68,0.1,0
4,52,64000,0.678,0,0
4,52,64000,0.635,0.3,378
4,52,64000,0.64,1.2,440
5,14,92000,0.551,0.5,0
5,14,92000,0.503,0.2,0
5,14,92000,0.565,1,0
5,14,92000,0.43,0.8,1056
5,14,92000,0.451,0.7,960
5,14,92000,0.392,1.1,1429
5,14,92000,0.344,0.9,1985
5,14,92000,0.297,0.6,2128
5,14,92000,0.196,0.1,3073
5,14,92000,0.197,0,3025
5,14,92000,0.154,0.3,3450
5,14,92000,0.311,1.2,2572
6,44,124000,0.425,0.5,1980
6,44,124000,0.343,0.2,2247
6,44,124000,0.344,1,2678
6,44,124000,0.23,0.8,3466
6,44,124000,0.259,0.7,3343
6,44,124000,0.284,1.1,2939
6,44,124000,0.298,0.9,2982
6,44,124000,0.222,0.6,3685
6,44,124000,0.226,0.1,3547
6,44,124000,0.211,0,3427
6,44,124000,0.292,0.3,2808
6,44,124000,0.317,1.2,2498
7,49,63000,0.602,0.5,0
7,49,63000,0.549,0.2,0
7,49,63000,0.577,1,417
7,49,63000,0.573,0.8,0
7,49,63000,0.599,0.7,0
7,49,63000,0.601,1.1,0
7,49,63000,0.599,0.9,0
7,49,63000,0.484,0.6,625
7,49,63000,0.494,0.1,749
7,49,63000,0.583,0,275
7,49,63000,0.598,0.3,0
7,49,63000,0.56,1.2,411
8,42,81000,0.397,0.5,1760
8,42,81000,0.324,0.2,2195
8,42,81000,0.319,1,2572
8,42,81000,0.281,0.8,2603
8,42,81000,0.263,0.7,2877
8,42,81000,0.195,1.1,3937
8,42,81000,0.212,0.9,3531
8,42,81000,0.133,0.6,4365
8,42,81000,0.113,0.1,4955
8,42,81000,0.115,0,4634
8,42,81000,0.139,0.3,4273
8,42,81000,0.174,1.2,4120
9,31,82000,0.527,0.5,0
9,31,82000,0.506,0.2,486
9,31,82000,0.484,1,1006
9,31,82000,0.46,0.8,754
9,31,82000,0.382,0.7,1454
9,31,82000,0.449,1.1,1219
9,31,82000,0.395,0.9,1462
9,31,82000,0.33,0.6,1670
9,31,82000,0.439,0.1,797
9,31,82000,0.463,0,711
9,31,82000,0.512,0.3,423
9,31,82000,0.581,1.2,2
10,55,87000,0.545,0.5,722
10,55,87000,0.608,0.2,0
10,55,87000,0.574,1,645
10,55,87000,0.657,0.8,0
10,55,87000,0.595,0.7,608
10,55,87000,0.528,1.1,1070
10,55,87000,0.631,0.9,219
10,55,87000,0.607,0.6,389
10,55,87000,0.551,0.1,716
10,55,87000,0.467,0,1273
10,55,87000,0.515,0.3,857
10,55,87000,0.638,1.2,0
11,26,89000,0.393,0.5,1342
11,26,89000,0.265,0.2,2489
11,26,89000,0.265,1,2416
11,26,89000,0.301,0.8,1910
11,26,89000,0.348,0.7,1610
11,26,89000,0.372,1.1,1918
11,26,89000,0.403,0.9,1460
11,26,89000,0.383,0.6,1385
11,26,89000,0.358,0.1,1559
11,26,89000,0.4,0,1136
11,26,89000,0.481,0.3,875
11,26,89000,0.405,1.2,1357
12,21,102000,0.452,0.5,1088
12,21,102000,0.323,0.2,1806
12,21,102000,0.353,1,1779
12,21,102000,0.407,0.8,1584
12,21,102000,0.435,0.7,1275
12,21,102000,0.409,1.1,1898
12,21,102000,0.355,0.9,2026
12,21,102000,0.323,0.6,2203
12,21,102000,0.329,0.1,1934
12,21,102000,0.296,0,2269
12,21,102000,0.383,0.3,1294
12,21,102000,0.514,1.2,832
13,54,70000,0.511,0.5,1155
13,54,70000,0.574,0.2,684
13,54,70000,0.598,1,503
13,54,70000,0.583,0.8,1040
13,54,70000,0.519,0.7,1267
13,54,70000,0.508,1.1,1297
13,54,70000,0.574,0.9,927
13,54,70000,0.462,0.6,1605
13,54,70000,0.468,0.1,1771
13,54,70000,0.345,0,2269
13,54,70000,0.456,0.3,1691
13,54,70000,0.449,1.2,2071
14,6,82000,0.432,0.5,1452
14,6,82000,0.465,0.2,843
14,6,82000,0.45,1,1000
14,6,82000,0.521,0.8,1027
14,6,82000,0.46,0.7,1225
14,6,82000,0.37,1.1,2115
14,6,82000,0.314,0.9,2603
14,6,82000,0.271,0.6,2554
14,6,82000,0.222,0.1,2866
14,6,82000,0.187,0,3427
14,6,82000,0.147,0.3,4313
14,6,82000,0.224,1.2,3889
15,56,73000,0.627,0.5,0
15,56,73000,0.637,0.2,0
15,56,73000,0.631,1,0
15,56,73000,0.586,0.8,484
15,56,73000,0.626,0.7,0
15,56,73000,0.659,1.1,0
15,56,73000,0.511,0.9,898
15,56,73000,0.493,0.6,1288
15,56,73000,0.314,0.1,2536
15,56,73000,0.381,0,2094
15,56,73000,0.338,0.3,2314
15,56,73000,0.377,1.2,2391
16,19,38000,0.486,0.5,971
16,19,38000,0.364,0.2,1878
16,19,38000,0.365,1,2413
16,19,38000,0.364,0.8,2342
16,19,38000,0.294,0.7,2679
16,19,38000,0.293,1.1,2589
16,19,38000,0.329,0.9,2547
16,19,38000,0.283,0.6,2574
16,19,38000,0.193,0.1,3200
16,19,38000,0.187,0,3297
16,19,38000,0.198,0.3,3645
16,19,38000,0.205,1.2,3942
17,57,115000,0.707,0.5,0
17,57,115000,0.559,0.2,876
17,57,115000,0.686,1,0
17,57,115000,0.601,0.8,936
17,57,115000,0.635,0.7,668
17,57,115000,0.673,1.1,96
17,57,115000,0.674,0.9,295
17,57,115000,0.696,0.6,0
17,57,115000,0.72,0.1,0
17,57,115000,0.694,0,0
17,57,115000,0.673,0.3,165
17,57,115000,0.714,1.2,0
18,19,63000,0.442,0.5,1526
18,19,63000,0.473,0.2,1136
18,19,63000,0.498,1,1344
18,19,63000,0.533,0.8,1142
18,19,63000,0.504,0.7,939
18,19,63000,0.511,1.1,1125
18,19,63000,0.494,0.9,1050
18,19,63000,0.449,0.6,1307
18,19,63000,0.413,0.1,1375
18,19,63000,0.42,0,1725
18,19,63000,0.372,0.3,1881
18,19,63000,0.42,1.2,1851
19,33,59000,0.618,0.5,0
19,33,59000,0.613,0.2,0
19,33,59000,0.67,1,0
19,33,59000,0.631,0.8,221
19,33,59000,0.567,0.7,463
19,33,59000,0.529,1.1,1120
19,33,59000,0.44,0.9,1810
19,33,59000,0.472,0.6,1403
19,33,59000,0.513,0.1,639
19,33,59000,0.552,0,396
19,33,59000,0.483,0.3,969
19,33,59000,0.563,1.2,829
20,24,80000,0.593,0.5,354
20,24,80000,0.463,0.2,949
20,24,80000,0.492,1,1004
20,24,80000,0.459,0.8,1313
20,24,80000,0.44,0.7,1534
20,24,80000,0.432,1.1,1726
20,24,80000,0.406,0.9,1631
20,24,80000,0.5,0.6,1193
20,24,80000,0.364,0.1,2157
20,24,80000,0.361,0,1999
20,24,80000,0.314,0.3,2554
20,24,80000,0.371,1.2,2543
21,21,89000,0.639,0.5,0
21,21,89000,0.493,0.2,392
21,21,89000,0.574,1,597
21,21,89000,0.461,0.8,1003
21,21,89000,0.558,0.7,495
21,21,89000,0.542,1.1,376
21,21,89000,0.606,0.9,71
21,21,89000,0.547,0.6,494
21,21,89000,0.452,0.1,861
21,21,89000,0.403,0,1058
21,21,89000,0.519,0.3,498
21,21,89000,0.479,1.2,1032
22,27,96000,0.466,0.5,1566
22,27,96000,0.435,0.2,1439
22,27,96000,0.454,1,1279
22,27,96000,0.515,0.8,939
22,27,96000,0.511,0.7,1136
22,27,96000,0.533,1.1,1016
22,27,96000,0.521,0.9,1105
22,27,96000,0.498,0.6,1117
22,27,96000,0.454,0.1,1305
22,27,96000,0.356,0,1851
22,27,96000,0.322,0.3,2550
22,27,96000,0.311,1.2,3203
23,32,41000,0.321,0.5,1992
23,32,41000,0.359,0.2,1229
23,32,41000,0.583,1,0
23,32,41000,0.511,0.8,627
23,32,41000,0.471,0.7,569
23,32,41000,0.52,1.1,462
23,32,41000,0.419,0.9,1240
23,32,41000,0.438,0.6,1091
23,32,41000,0.417,0.1,1073
23,32,41000,0.379,0,1541
23,32,41000,0.375,0.3,1586
23,32,41000,0.38,1.2,1706
24,21,70000,0.431,0.5,1259
24,21,70000,0.468,0.2,1497
24,21,70000,0.413,1,1756
24,21,70000,0.43,0.8,1792
24,21,70000,0.41,0.7,1565
24,21,70000,0.418,1.1,1871
24,21,70000,0.38,0.9,2014
24,21,70000,0.315,0.6,2584
24,21,70000,0.261,0.1,3269
24,21,70000,0.255,0,3083
24,21,70000,0.384,0.3,2077
24,21,70000,0.43,1.2,1806
25,43,60000,0.7,0.5,0
25,43,60000,0.658,0.2,0
25,43,60000,0.633,1,661
25,43,60000,0.531,0.8,1295
25,43,60000,0.496,0.7,1638
25,43,60000,0.54,1.1,1064
25,43,60000,0.623,0.9,684
25,43,60000,0.585,0.6,738
25,43,60000,0.506,0.1,921
25,43,60000,0.478,0,1590
25,43,60000,0.385,0.3,2164
25,43,60000,0.44,1.2,2223
26,22,92000,0.543,0.5,0
26,22,92000,0.543,0.2,0
26,22,92000,0.53,1,643
26,22,92000,0.569,0.8,0
26,22,92000,0.589,0.7,0
26,22,92000,0.556,1.1,0
26,22,92000,0.592,0.9,0
26,22,92000,0.573,0.6,0
26,22,92000,0.489,0.1,425
26,22,92000,0.502,0,261
26,22,92000,0.433,0.3,754
26,22,92000,0.458,1.2,1275
27,36,88000,0.676,0.5,0
27,36,88000,0.65,0.2,0
27,36,88000,0.701,1,62
27,36,88000,0.704,0.8,0
27,36,88000,0.707,0.7,0
27,36,88000,0.712,1.1,253
27,36,88000,0.673,0.9,609
27,36,88000,0.581,0.6,1152
27,36,88000,0.586,0.1,698
27,36,88000,0.554,0,1133
27,36,88000,0.48,0.3,1424
27,36,88000,0.54,1.2,1468
28,17,84000,0.539,0.5,1435
28,17,84000,0.453,0.2,1552
28,17,84000,0.41,1,2542
28,17,84000,0.381,0.8,2897
28,17,84000,0.318,0.7,3143
28,17,84000,0.265,1.1,3853
28,17,84000,0.295,0.9,3470
28,17,84000,0.419,0.6,2414
28,17,84000,0.375,0.1,2585
28,17,84000,0.408,0,2032
28,17,84000,0.331,0.3,3017
28,17,84000,0.29,1.2,3582
29,47,51000,0.609,0.5,424
29,47,51000,0.565,0.2,728
29,47,51000,0.551,1,892
29,47,51000,0.484,0.8,1403
29,47,51000,0.429,0.7,1869
29,47,51000,0.425,1.1,2012
29,47,51000,0.314,0.9,3009
29,47,51000,0.291,0.6,3029
29,47,51000,0.295,0.1,3049
29,47,51000,0.253,0,3634
29,47,51000,0.191,0.3,4167
29,47,51000,0.234,1.2,3785
30,32,90000,0.628,0.5,0
30,32,90000,0.65,0.2,0
30,32,90000,0.595,1,474
30,32,90000,0.545,0.8,910
30,32,90000,0.469,0.7,1069
30,32,90000,0.474,1.1,1255
30,32,90000,0.591,0.9,960
30,32,90000,0.617,0.6,364
30,32,90000,0.64,0.1,124
30,32,90000,0.621,0,0
30,32,90000,0.599,0.3,371
30,32,90000,0.616,1.2,153
31,55,1e+05,0.496,0.5,1608
31,55,1e+05,0.364,0.2,2458
31,55,1e+05,0.443,1,1768
31,55,1e+05,0.494,0.8,1712
31,55,1e+05,0.585,0.7,1049
31,55,1e+05,0.541,1.1,1526
31,55,1e+05,0.627,0.9,573
31,55,1e+05,0.567,0.6,836
31,55,1e+05,0.627,0.1,387
31,55,1e+05,0.676,0,51
31,55,1e+05,0.665,0.3,152
31,55,1e+05,0.703,1.2,30
32,6,48000,0.556,0.5,0
32,6,48000,0.499,0.2,243
32,6,48000,0.502,1,614
32,6,48000,0.499,0.8,622
32,6,48000,0.487,0.7,421
32,6,48000,0.46,1.1,873
32,6,48000,0.441,0.9,1077
32,6,48000,0.358,0.6,1528
32,6,48000,0.279,0.1,2276
32,6,48000,0.214,0,2539
32,6,48000,0.203,0.3,3171
32,6,48000,0.246,1.2,3168
33,11,78000,0.457,0.5,0
33,11,78000,0.424,0.2,96
33,11,78000,0.418,1,519
33,11,78000,0.475,0.8,82
33,11,78000,0.424,0.7,259
33,11,78000,0.491,1.1,2
33,11,78000,0.492,0.9,0
33,11,78000,0.423,0.6,112
33,11,78000,0.424,0.1,0
33,11,78000,0.455,0,0
33,11,78000,0.439,0.3,488
33,11,78000,0.308,1.2,1554
34,30,91000,0.511,0.5,947
34,30,91000,0.435,0.2,1775
34,30,91000,0.483,1,1569
34,30,91000,0.412,0.8,2052
34,30,91000,0.267,0.7,3440
34,30,91000,0.29,1.1,3458
34,30,91000,0.178,0.9,4504
34,30,91000,0.197,0.6,3985
34,30,91000,0.175,0.1,4062
34,30,91000,0.233,0,3499
34,30,91000,0.229,0.3,3764
34,30,91000,0.198,1.2,4339
35,55,109000,0.731,0.5,0
35,55,109000,0.747,0.2,0
35,55,109000,0.74,1,0
35,55,109000,0.709,0.8,323
35,55,109000,0.657,0.7,757
35,55,109000,0.641,1.1,899
35,55,109000,0.663,0.9,571
35,55,109000,0.717,0.6,348
35,55,109000,0.657,0.1,540
35,55,109000,0.668,0,508
35,55,109000,0.654,0.3,668
35,55,109000,0.69,1.2,760
36,33,162000,0.523,0.5,986
36,33,162000,0.628,0.2,14
36,33,162000,0.456,1,1248
36,33,162000,0.459,0.8,1315
36,33,162000,0.476,0.7,1176
36,33,162000,0.563,1.1,599
36,33,162000,0.534,0.9,935
36,33,162000,0.595,0.6,295
36,33,162000,0.508,0.1,599
36,33,162000,0.434,0,1232
36,33,162000,0.423,0.3,1261
36,33,162000,0.392,1.2,1734
37,60,66000,0.517,0.5,1502
37,60,66000,0.489,0.2,1716
37,60,66000,0.393,1,2665
37,60,66000,0.364,0.8,2888
37,60,66000,0.304,0.7,3348
37,60,66000,0.317,1.1,3461
37,60,66000,0.225,0.9,4031
37,60,66000,0.171,0.6,4870
37,60,66000,0.153,0.1,5319
37,60,66000,0.143,0,5166
37,60,66000,0.168,0.3,5012
37,60,66000,0.19,1.2,4991
38,33,70000,0.633,0.5,0
38,33,70000,0.624,0.2,0
38,33,70000,0.566,1,534
38,33,70000,0.582,0.8,528
38,33,70000,0.607,0.7,506
38,33,70000,0.665,1.1,0
38,33,70000,0.607,0.9,131
38,33,70000,0.549,0.6,792
38,33,70000,0.31,0.1,2201
38,33,70000,0.298,0,2520
38,33,70000,0.355,0.3,2253
38,33,70000,0.402,1.2,2146
39,41,77000,0.695,0.5,0
39,41,77000,0.681,0.2,0
39,41,77000,0.669,1,0
39,41,77000,0.582,0.8,694
39,41,77000,0.619,0.7,773
39,41,77000,0.682,1.1,447
39,41,77000,0.704,0.9,0
39,41,77000,0.614,0.6,510
39,41,77000,0.532,0.1,1065
39,41,77000,0.454,0,1688
39,41,77000,0.406,0.3,2272
39,41,77000,0.403,1.2,2533
40,50,72000,0.575,0.5,1261
40,50,72000,0.694,0.2,94
40,50,72000,0.7,1,224
40,50,72000,0.674,0.8,436
40,50,72000,0.668,0.7,479
40,50,72000,0.5,1.1,1657
40,50,72000,0.576,0.9,1436
40,50,72000,0.486,0.6,2133
40,50,72000,0.384,0.1,2486
40,50,72000,0.505,0,2010
40,50,72000,0.542,0.3,1295
40,50,72000,0.589,1.2,910
41,24,111000,0.619,0.5,0
41,24,111000,0.527,0.2,351
41,24,111000,0.528,1,533
41,24,111000,0.626,0.8,432
41,24,111000,0.632,0.7,0
41,24,111000,0.593,1.1,344
41,24,111000,0.547,0.9,615
41,24,111000,0.527,0.6,894
41,24,111000,0.386,0.1,1570
41,24,111000,0.4,0,1309
41,24,111000,0.522,0.3,696
41,24,111000,0.645,1.2,0
42,26,76000,0.628,0.5,0
42,26,76000,0.562,0.2,367
42,26,76000,0.612,1,367
42,26,76000,0.604,0.8,330
42,26,76000,0.573,0.7,421
42,26,76000,0.582,1.1,224
42,26,76000,0.628,0.9,0
42,26,76000,0.585,0.6,114
42,26,76000,0.467,0.1,1103
42,26,76000,0.43,0,1388
42,26,76000,0.332,0.3,2311
42,26,76000,0.359,1.2,2331
43,23,69000,0.562,0.5,0
43,23,69000,0.559,0.2,21
43,23,69000,0.603,1,0
43,23,69000,0.596,0.8,0
43,23,69000,0.481,0.7,688
43,23,69000,0.576,1.1,272
43,23,69000,0.555,0.9,275
43,23,69000,0.53,0.6,542
43,23,69000,0.421,0.1,1200
43,23,69000,0.413,0,727
43,23,69000,0.469,0.3,887
43,23,69000,0.578,1.2,380
44,32,93000,0.585,0.5,0
44,32,93000,0.509,0.2,227
44,32,93000,0.483,1,860
44,32,93000,0.479,0.8,928
44,32,93000,0.48,0.7,812
44,32,93000,0.407,1.1,1437
44,32,93000,0.421,0.9,1287
44,32,93000,0.43,0.6,1322
44,32,93000,0.383,0.1,1249
44,32,93000,0.462,0,670
44,32,93000,0.423,0.3,1171
44,32,93000,0.329,1.2,2370
45,35,123000,0.412,0.5,1737
45,35,123000,0.416,0.2,1879
45,35,123000,0.459,1,1742
45,35,123000,0.366,0.8,2457
45,35,123000,0.307,0.7,2375
45,35,123000,0.389,1.1,2204
45,35,123000,0.285,0.9,2886
45,35,123000,0.315,0.6,2583
45,35,123000,0.322,0.1,2244
45,35,123000,0.241,0,2968
45,35,123000,0.285,0.3,2792
45,35,123000,0.304,1.2,3101
46,8,135000,0.467,0.5,923
46,8,135000,0.429,0.2,1247
46,8,135000,0.379,1,1877
46,8,135000,0.336,0.8,2116
46,8,135000,0.317,0.7,2112
46,8,135000,0.317,1.1,2023
46,8,135000,0.367,0.9,1952
46,8,135000,0.207,0.6,2950
46,8,135000,0.277,0.1,2171
46,8,135000,0.299,0,2082
46,8,135000,0.372,0.3,1329
46,8,135000,0.38,1.2,1945
47,30,90000,0.68,0.5,0
47,30,90000,0.635,0.2,0
47,30,90000,0.705,1,0
47,30,90000,0.67,0.8,329
47,30,90000,0.58,0.7,791
47,30,90000,0.558,1.1,937
47,30,90000,0.66,0.9,217
47,30,90000,0.683,0.6,0
47,30,90000,0.663,0.1,0
47,30,90000,0.537,0,998
47,30,90000,0.539,0.3,1085
47,30,90000,0.502,1.2,1626
48,14,92000,0.405,0.5,1510
48,14,92000,0.417,0.2,1442
48,14,92000,0.552,1,816
48,14,92000,0.563,0.8,315
48,14,92000,0.533,0.7,834
48,14,92000,0.587,1.1,851
48,14,92000,0.5,0.9,1159
48,14,92000,0.302,0.6,2700
48,14,92000,0.242,0.1,2877
48,14,92000,0.303,0,2421
48,14,92000,0.255,0.3,3007
48,14,92000,0.237,1.2,3481
49,37,90000,0.629,0.5,0
49,37,90000,0.576,0.2,601
49,37,90000,0.576,1,713
49,37,90000,0.516,0.8,1170
49,37,90000,0.517,0.7,936
49,37,90000,0.584,1.1,694
49,37,90000,0.538,0.9,975
49,37,90000,0.565,0.6,645
49,37,90000,0.621,0.1,108
49,37,90000,0.542,0,644
49,37,90000,0.552,0.3,780
49,37,90000,0.605,1.2,680
50,12,130000,0.502,0.5,0
50,12,130000,0.439,0.2,898
50,12,130000,0.504,1,482
50,12,130000,0.537,0.8,276
50,12,130000,0.596,0.7,0
50,12,130000,0.584,1.1,0
50,12,130000,0.535,0.9,0
50,12,130000,0.47,0.6,806
50,12,130000,0.427,0.1,691
50,12,130000,0.439,0,797
50,12,130000,0.435,0.3,1023
50,12,130000,0.46,1.2,1164
51,10,86000,0.429,0.5,1699
51,10,86000,0.433,0.2,1841
51,10,86000,0.469,1,1453
51,10,86000,0.573,0.8,949
51,10,86000,0.544,0.7,1125
51,10,86000,0.664,1.1,534
51,10,86000,0.551,0.9,893
51,10,86000,0.57,0.6,544
51,10,86000,0.619,0.1,194
51,10,86000,0.618,0,169
51,10,86000,0.577,0.3,616
51,10,86000,0.672,1.2,185
52,9,83000,0.425,0.5,948
52,9,83000,0.503,0.2,606
52,9,83000,0.424,1,1290
52,9,83000,0.551,0.8,397
52,9,83000,0.548,0.7,152
52,9,83000,0.59,1.1,154
52,9,83000,0.59,0.9,0
52,9,83000,0.546,0.6,0
52,9,83000,0.49,0.1,235
52,9,83000,0.456,0,819
52,9,83000,0.405,0.3,1158
52,9,83000,0.413,1.2,1443
53,31,91000,0.415,0.5,1515
53,31,91000,0.299,0.2,2370
53,31,91000,0.356,1,2005
53,31,91000,0.471,0.8,1223
53,31,91000,0.514,0.7,943
53,31,91000,0.524,1.1,645
53,31,91000,0.542,0.9,673
53,31,91000,0.517,0.6,700
53,31,91000,0.491,0.1,802
53,31,91000,0.557,0,114
53,31,91000,0.516,0.3,528
53,31,91000,0.466,1.2,1375
54,36,64000,0.485,0.5,1269
54,36,64000,0.473,0.2,1063
54,36,64000,0.514,1,1320
54,36,64000,0.342,0.8,2311
54,36,64000,0.291,0.7,2861
54,36,64000,0.3,1.1,2974
54,36,64000,0.255,0.9,3392
54,36,64000,0.264,0.6,3010
54,36,64000,0.256,0.1,3233
54,36,64000,0.21,0,3467
54,36,64000,0.213,0.3,3381
54,36,64000,0.26,1.2,3435
55,46,81000,0.502,0.5,1408
55,46,81000,0.441,0.2,1403
55,46,81000,0.399,1,2409
55,46,81000,0.398,0.8,2431
55,46,81000,0.422,0.7,2113
55,46,81000,0.446,1.1,1827
55,46,81000,0.433,0.9,1943
55,46,81000,0.336,0.6,2646
55,46,81000,0.338,0.1,2407
55,46,81000,0.271,0,3023
55,46,81000,0.263,0.3,3415
55,46,81000,0.285,1.2,3387
56,29,53000,0.612,0.5,0
56,29,53000,0.59,0.2,18
56,29,53000,0.651,1,0
56,29,53000,0.654,0.8,0
56,29,53000,0.569,0.7,740
56,29,53000,0.532,1.1,659
56,29,53000,0.482,0.9,1202
56,29,53000,0.349,0.6,2099
56,29,53000,0.317,0.1,2277
56,29,53000,0.421,0,1508
56,29,53000,0.372,0.3,1924
56,29,53000,0.281,1.2,2883
57,15,89000,0.41,0.5,1595
57,15,89000,0.369,0.2,1816
57,15,89000,0.401,1,1972
57,15,89000,0.343,0.8,1895
57,15,89000,0.325,0.7,2176
57,15,89000,0.339,1.1,2123
57,15,89000,0.416,0.9,1631
57,15,89000,0.341,0.6,1801
57,15,89000,0.352,0.1,1617
57,15,89000,0.401,0,1410
57,15,89000,0.448,0.3,1265
57,15,89000,0.433,1.2,1502
58,44,167000,0.576,0.5,0
58,44,167000,0.571,0.2,32
58,44,167000,0.529,1,808
58,44,167000,0.457,0.8,1406
58,44,167000,0.447,0.7,1395
58,44,167000,0.442,1.1,1641
58,44,167000,0.429,0.9,1924
58,44,167000,0.313,0.6,2145
58,44,167000,0.254,0.1,2986
58,44,167000,0.262,0,2904
58,44,167000,0.218,0.3,3271
58,44,167000,0.196,1.2,3444
59,48,62000,0.642,0.5,708
59,48,62000,0.608,0.2,1006
59,48,62000,0.535,1,1579
59,48,62000,0.549,0.8,1232
59,48,62000,0.498,0.7,1970
59,48,62000,0.532,1.1,1895
59,48,62000,0.564,0.9,1533
59,48,62000,0.468,0.6,2025
59,48,62000,0.318,0.1,3321
59,48,62000,0.331,0,3309
59,48,62000,0.257,0.3,3783
59,48,62000,0.359,1.2,3359
60,44,56000,0.585,0.5,634
60,44,56000,0.499,0.2,1089
60,44,56000,0.509,1,1473
60,44,56000,0.493,0.8,1359
60,44,56000,0.512,0.7,1251
60,44,56000,0.516,1.1,1011
60,44,56000,0.503,0.9,1466
60,44,56000,0.41,0.6,2039
60,44,56000,0.301,0.1,2823
60,44,56000,0.473,0,1387
60,44,56000,0.493,0.3,1476
60,44,56000,0.487,1.2,1911
61,58,106000,0.652,0.5,0
61,58,106000,0.63,0.2,0
61,58,106000,0.553,1,1045
61,58,106000,0.522,0.8,1050
61,58,106000,0.436,0.7,1737
61,58,106000,0.394,1.1,1896
61,58,106000,0.444,0.9,1459
61,58,106000,0.353,0.6,2316
61,58,106000,0.285,0.1,2883
61,58,106000,0.343,0,2204
61,58,106000,0.378,0.3,2063
61,58,106000,0.46,1.2,1528
62,54,65000,0.642,0.5,0
62,54,65000,0.679,0.2,0
62,54,65000,0.63,1,172
62,54,65000,0.639,0.8,166
62,54,65000,0.579,0.7,974
62,54,65000,0.616,1.1,612
62,54,65000,0.595,0.9,441
62,54,65000,0.625,0.6,494
62,54,65000,0.627,0.1,25
62,54,65000,0.689,0,0
62,54,65000,0.663,0.3,0
62,54,65000,0.652,1.2,244
63,57,111000,0.604,0.5,902
63,57,111000,0.559,0.2,1012
63,57,111000,0.621,1,1076
63,57,111000,0.584,0.8,942
63,57,111000,0.545,0.7,1339
63,57,111000,0.527,1.1,1402
63,57,111000,0.617,0.9,1061
63,57,111000,0.635,0.6,341
63,57,111000,0.611,0.1,712
63,57,111000,0.668,0,210
63,57,111000,0.664,0.3,234
63,57,111000,0.712,1.2,0
64,6,76000,0.449,0.5,765
64,6,76000,0.327,0.2,1465
64,6,76000,0.384,1,1389
64,6,76000,0.437,0.8,984
64,6,76000,0.472,0.7,684
64,6,76000,0.338,1.1,1692
64,6,76000,0.178,0.9,3302
64,6,76000,0.106,0.6,4597
64,6,76000,0.119,0.1,4003
64,6,76000,0.121,0,3943
64,6,76000,0.102,0.3,4540
64,6,76000,0.085,1.2,5280
65,28,115000,0.454,0.5,824
65,28,115000,0.45,0.2,948
65,28,115000,0.485,1,881
65,28,115000,0.421,0.8,1096
65,28,115000,0.414,0.7,903
65,28,115000,0.348,1.1,1746
65,28,115000,0.249,0.9,2537
65,28,115000,0.247,0.6,2669
65,28,115000,0.249,0.1,2517
65,28,115000,0.222,0,2829
65,28,115000,0.153,0.3,3675
65,28,115000,0.156,1.2,4105
66,44,69000,0.571,0.5,847
66,44,69000,0.507,0.2,972
66,44,69000,0.609,1,635
66,44,69000,0.596,0.8,557
66,44,69000,0.474,0.7,1581
66,44,69000,0.464,1.1,1835
66,44,69000,0.365,0.9,2308
66,44,69000,0.359,0.6,2415
66,44,69000,0.452,0.1,1822
66,44,69000,0.452,0,1898
66,44,69000,0.384,0.3,2213
66,44,69000,0.323,1.2,3263
67,31,125000,0.349,0.5,2003
67,31,125000,0.29,0.2,2624
67,31,125000,0.279,1,2881
67,31,125000,0.392,0.8,1610
67,31,125000,0.362,0.7,2029
67,31,125000,0.476,1.1,1270
67,31,125000,0.503,0.9,929
67,31,125000,0.44,0.6,1281
67,31,125000,0.42,0.1,1440
67,31,125000,0.372,0,1923
67,31,125000,0.392,0.3,1675
67,31,125000,0.396,1.2,1840
68,16,121000,0.45,0.5,941
68,16,121000,0.297,0.2,1750
68,16,121000,0.359,1,1434
68,16,121000,0.35,0.8,1771
68,16,121000,0.402,0.7,1136
68,16,121000,0.454,1.1,1108
68,16,121000,0.249,0.9,2747
68,16,121000,0.256,0.6,2493
68,16,121000,0.203,0.1,2974
68,16,121000,0.145,0,3789
68,16,121000,0.137,0.3,3737
68,16,121000,0.186,1.2,3406
69,44,113000,0.483,0.5,1135
69,44,113000,0.46,0.2,1230
69,44,113000,0.487,1,1615
69,44,113000,0.424,0.8,1788
69,44,113000,0.449,0.7,1485
69,44,113000,0.364,1.1,2038
69,44,113000,0.479,0.9,1501
69,44,113000,0.417,0.6,1653
69,44,113000,0.46,0.1,1625
69,44,113000,0.438,0,1430
69,44,113000,0.538,0.3,791
69,44,113000,0.611,1.2,441
70,29,102000,0.399,0.5,1553
70,29,102000,0.415,0.2,1383
70,29,102000,0.423,1,1835
70,29,102000,0.445,0.8,1584
70,29,102000,0.325,0.7,2424
70,29,102000,0.287,1.1,2863
70,29,102000,0.304,0.9,2850
70,29,102000,0.298,0.6,2705
70,29,102000,0.259,0.1,2999
70,29,102000,0.26,0,2636
70,29,102000,0.275,0.3,2880
70,29,102000,0.318,1.2,3195
71,23,54000,0.656,0.5,0
71,23,54000,0.598,0.2,161
71,23,54000,0.535,1,1249
71,23,54000,0.624,0.8,645
71,23,54000,0.643,0.7,186
71,23,54000,0.627,1.1,437
71,23,54000,0.615,0.9,534
71,23,54000,0.651,0.6,444
71,23,54000,0.656,0.1,0
71,23,54000,0.664,0,0
71,23,54000,0.639,0.3,112
71,23,54000,0.55,1.2,982
72,9,48000,0.216,0.5,3437
72,9,48000,0.205,0.2,3596
72,9,48000,0.22,1,3825
72,9,48000,0.247,0.8,3378
72,9,48000,0.234,0.7,3509
72,9,48000,0.237,1.1,3755
72,9,48000,0.273,0.9,3263
72,9,48000,0.176,0.6,3932
72,9,48000,0.203,0.1,3710
72,9,48000,0.205,0,3513
72,9,48000,0.237,0.3,3195
72,9,48000,0.265,1.2,3563
73,37,93000,0.561,0.5,1073
73,37,93000,0.544,0.2,1266
73,37,93000,0.67,1,402
73,37,93000,0.675,0.8,234
73,37,93000,0.631,0.7,418
73,37,93000,0.619,1.1,630
73,37,93000,0.618,0.9,497
73,37,93000,0.64,0.6,398
73,37,93000,0.645,0.1,296
73,37,93000,0.654,0,0
73,37,93000,0.678,0.3,0
73,37,93000,0.682,1.2,237
74,54,33000,0.74,0.5,0
74,54,33000,0.696,0.2,151
74,54,33000,0.765,1,0
74,54,33000,0.752,0.8,0
74,54,33000,0.726,0.7,390
74,54,33000,0.759,1.1,0
74,54,33000,0.737,0.9,0
74,54,33000,0.648,0.6,537
74,54,33000,0.702,0.1,260
74,54,33000,0.583,0,1030
74,54,33000,0.535,0.3,1493
74,54,33000,0.585,1.2,1526
75,56,64000,0.695,0.5,549
75,56,64000,0.693,0.2,624
75,56,64000,0.757,1,303
75,56,64000,0.771,0.8,0
75,56,64000,0.716,0.7,529
75,56,64000,0.754,1.1,336
75,56,64000,0.74,0.9,329
75,56,64000,0.74,0.6,0
75,56,64000,0.734,0.1,282
75,56,64000,0.563,0,1286
75,56,64000,0.593,0.3,1467
75,56,64000,0.643,1.2,1394
76,45,95000,0.692,0.5,0
76,45,95000,0.653,0.2,0
76,45,95000,0.647,1,170
76,45,95000,0.684,0.8,0
76,45,95000,0.633,0.7,591
76,45,95000,0.564,1.1,1108
76,45,95000,0.579,0.9,741
76,45,95000,0.526,0.6,881
76,45,95000,0.647,0.1,256
76,45,95000,0.511,0,1219
76,45,95000,0.463,0.3,1556
76,45,95000,0.544,1.2,1450
77,30,46000,0.417,0.5,1058
77,30,46000,0.475,0.2,724
77,30,46000,0.514,1,451
77,30,46000,0.556,0.8,560
77,30,46000,0.472,0.7,590
77,30,46000,0.536,1.1,623
77,30,46000,0.527,0.9,208
77,30,46000,0.509,0.6,539
77,30,46000,0.585,0.1,0
77,30,46000,0.543,0,0
77,30,46000,0.592,0.3,0
77,30,46000,0.606,1.2,0
78,30,103000,0.445,0.5,1308
78,30,103000,0.413,0.2,1342
78,30,103000,0.473,1,1378
78,30,103000,0.422,0.8,1785
78,30,103000,0.4,0.7,1706
78,30,103000,0.512,1.1,910
78,30,103000,0.548,0.9,705
78,30,103000,0.555,0.6,354
78,30,103000,0.598,0.1,0
78,30,103000,0.443,0,691
78,30,103000,0.49,0.3,900
78,30,103000,0.62,1.2,153
79,39,56000,0.702,0.5,0
79,39,56000,0.702,0.2,0
79,39,56000,0.703,1,93
79,39,56000,0.726,0.8,0
79,39,56000,0.668,0.7,331
79,39,56000,0.628,1.1,962
79,39,56000,0.582,0.9,1493
79,39,56000,0.529,0.6,1722
79,39,56000,0.414,0.1,2213
79,39,56000,0.37,0,2661
79,39,56000,0.269,0.3,3720
79,39,56000,0.377,1.2,3086
80,27,58000,0.575,0.5,743
80,27,58000,0.562,0.2,818
80,27,58000,0.606,1,726
80,27,58000,0.657,0.8,160
80,27,58000,0.677,0.7,0
80,27,58000,0.581,1.1,1010
80,27,58000,0.568,0.9,961
80,27,58000,0.635,0.6,182
80,27,58000,0.543,0.1,635
80,27,58000,0.418,0,1616
80,27,58000,0.493,0.3,1521
80,27,58000,0.498,1.2,1655
81,54,67000,0.494,0.5,1679
81,54,67000,0.523,0.2,1433
81,54,67000,0.442,1,2448
81,54,67000,0.488,0.8,1758
81,54,67000,0.476,0.7,2067
81,54,67000,0.462,1.1,2081
81,54,67000,0.405,0.9,2554
81,54,67000,0.417,0.6,2263
81,54,67000,0.335,0.1,2701
81,54,67000,0.385,0,2604
81,54,67000,0.358,0.3,2768
81,54,67000,0.325,1.2,3117
82,54,48000,0.486,0.5,945
82,54,48000,0.482,0.2,833
82,54,48000,0.365,1,2102
82,54,48000,0.447,0.8,1459
82,54,48000,0.368,0.7,2090
82,54,48000,0.363,1.1,2343
82,54,48000,0.284,0.9,2977
82,54,48000,0.216,0.6,3777
82,54,48000,0.269,0.1,3177
82,54,48000,0.24,0,3404
82,54,48000,0.198,0.3,3666
82,54,48000,0.196,1.2,4109
83,48,1e+05,0.506,0.5,952
83,48,1e+05,0.524,0.2,1174
83,48,1e+05,0.584,1,1047
83,48,1e+05,0.534,0.8,1402
83,48,1e+05,0.554,0.7,1218
83,48,1e+05,0.575,1.1,1296
83,48,1e+05,0.414,0.9,2015
83,48,1e+05,0.499,0.6,1749
83,48,1e+05,0.545,0.1,1078
83,48,1e+05,0.452,0,1580
83,48,1e+05,0.541,0.3,1336
83,48,1e+05,0.594,1.2,1046
84,49,110000,0.499,0.5,1365
84,49,110000,0.499,0.2,1374
84,49,110000,0.472,1,1691
84,49,110000,0.593,0.8,1169
84,49,110000,0.522,0.7,1170
84,49,110000,0.522,1.1,1494
84,49,110000,0.44,0.9,1862
84,49,110000,0.503,0.6,1294
84,49,110000,0.399,0.1,2050
84,49,110000,0.414,0,2027
84,49,110000,0.523,0.3,1417
84,49,110000,0.439,1.2,2101
85,21,99000,0.488,0.5,762
85,21,99000,0.542,0.2,276
85,21,99000,0.554,1,859
85,21,99000,0.395,0.8,1581
85,21,99000,0.464,0.7,1243
85,21,99000,0.501,1.1,936
85,21,99000,0.486,0.9,809
85,21,99000,0.435,0.6,1126
85,21,99000,0.505,0.1,531
85,21,99000,0.436,0,1157
85,21,99000,0.414,0.3,1269
85,21,99000,0.403,1.2,2134
86,9,59000,0.6,0.5,331
86,9,59000,0.582,0.2,312
86,9,59000,0.616,1,585
86,9,59000,0.564,0.8,555
86,9,59000,0.473,0.7,1136
86,9,59000,0.468,1.1,1429
86,9,59000,0.459,0.9,1774
86,9,59000,0.368,0.6,2186
86,9,59000,0.272,0.1,2679
86,9,59000,0.244,0,2829
86,9,59000,0.335,0.3,2197
86,9,59000,0.343,1.2,2575
87,44,61000,0.603,0.5,522
87,44,61000,0.613,0.2,718
87,44,61000,0.563,1,1183
87,44,61000,0.567,0.8,1393
87,44,61000,0.494,0.7,1802
87,44,61000,0.51,1.1,1788
87,44,61000,0.361,0.9,2913
87,44,61000,0.395,0.6,2390
87,44,61000,0.389,0.1,2214
87,44,61000,0.299,0,3064
87,44,61000,0.291,0.3,3356
87,44,61000,0.221,1.2,4067
88,31,81000,0.511,0.5,1284
88,31,81000,0.345,0.2,2183
88,31,81000,0.374,1,2393
88,31,81000,0.297,0.8,3108
88,31,81000,0.252,0.7,3442
88,31,81000,0.259,1.1,3541
88,31,81000,0.199,0.9,3999
88,31,81000,0.208,0.6,4043
88,31,81000,0.178,0.1,4042
88,31,81000,0.206,0,3726
88,31,81000,0.22,0.3,3583
88,31,81000,0.251,1.2,3538
89,8,102000,0.398,0.5,1104
89,8,102000,0.459,0.2,234
89,8,102000,0.518,1,436
89,8,102000,0.447,0.8,862
89,8,102000,0.358,0.7,1178
89,8,102000,0.314,1.1,1921
89,8,102000,0.315,0.9,2027
89,8,102000,0.308,0.6,2206
89,8,102000,0.284,0.1,1800
89,8,102000,0.244,0,1874
89,8,102000,0.307,0.3,1644
89,8,102000,0.25,1.2,2834
90,18,74000,0.646,0.5,0
90,18,74000,0.543,0.2,120
90,18,74000,0.563,1,578
90,18,74000,0.536,0.8,656
90,18,74000,0.431,0.7,1169
90,18,74000,0.487,1.1,1335
90,18,74000,0.532,0.9,918
90,18,74000,0.448,0.6,998
90,18,74000,0.516,0.1,678
90,18,74000,0.519,0,627
90,18,74000,0.566,0.3,156
90,18,74000,0.583,1.2,349
91,53,88000,0.478,0.5,1689
91,53,88000,0.417,0.2,2208
91,53,88000,0.367,1,2720
91,53,88000,0.341,0.8,2707
91,53,88000,0.308,0.7,2928
91,53,88000,0.39,1.1,2730
91,53,88000,0.304,0.9,3500
91,53,88000,0.171,0.6,4623
91,53,88000,0.21,0.1,3944
91,53,88000,0.214,0,4067
91,53,88000,0.217,0.3,3692
91,53,88000,0.252,1.2,3565
92,27,66000,0.435,0.5,1762
92,27,66000,0.374,0.2,1837
92,27,66000,0.429,1,1979
92,27,66000,0.424,0.8,1999
92,27,66000,0.449,0.7,1700
92,27,66000,0.544,1.1,1653
92,27,66000,0.518,0.9,1340
92,27,66000,0.547,0.6,859
92,27,66000,0.492,0.1,1133
92,27,66000,0.545,0,832
92,27,66000,0.523,0.3,843
92,27,66000,0.583,1.2,986
93,56,58000,0.494,0.5,1863
93,56,58000,0.337,0.2,2879
93,56,58000,0.441,1,2283
93,56,58000,0.317,0.8,3186
93,56,58000,0.399,0.7,2677
93,56,58000,0.519,1.1,2152
93,56,58000,0.499,0.9,1722
93,56,58000,0.634,0.6,776
93,56,58000,0.612,0.1,470
93,56,58000,0.61,0,548
93,56,58000,0.626,0.3,730
93,56,58000,0.618,1.2,1132
94,29,78000,0.483,0.5,1541
94,29,78000,0.408,0.2,1880
94,29,78000,0.463,1,2155
94,29,78000,0.328,0.8,2918
94,29,78000,0.294,0.7,3136
94,29,78000,0.283,1.1,3559
94,29,78000,0.25,0.9,3891
94,29,78000,0.135,0.6,5153
94,29,78000,0.127,0.1,4804
94,29,78000,0.146,0,4524
94,29,78000,0.152,0.3,4429
94,29,78000,0.18,1.2,4518
95,33,80000,0.447,0.5,1101
95,33,80000,0.402,0.2,1346
95,33,80000,0.401,1,1882
95,33,80000,0.47,0.8,1416
95,33,80000,0.373,0.7,1686
95,33,80000,0.524,1.1,1131
95,33,80000,0.457,0.9,1644
95,33,80000,0.315,0.6,2206
95,33,80000,0.414,0.1,1455
95,33,80000,0.36,0,1498
95,33,80000,0.322,0.3,2082
95,33,80000,0.238,1.2,3389
96,42,46000,0.589,0.5,628
96,42,46000,0.656,0.2,0
96,42,46000,0.681,1,0
96,42,46000,0.709,0.8,0
96,42,46000,0.65,0.7,266
96,42,46000,0.567,1.1,968
96,42,46000,0.577,0.9,897
96,42,46000,0.521,0.6,1354
96,42,46000,0.479,0.1,1463
96,42,46000,0.412,0,2004
96,42,46000,0.416,0.3,2043
96,42,46000,0.446,1.2,2195
97,57,69000,0.644,0.5,0
97,57,69000,0.653,0.2,0
97,57,69000,0.619,1,317
97,57,69000,0.691,0.8,0
97,57,69000,0.659,0.7,0
97,57,69000,0.685,1.1,137
97,57,69000,0.674,0.9,0
97,57,69000,0.606,0.6,804
97,57,69000,0.516,0.1,1236
97,57,69000,0.495,0,1253
97,57,69000,0.4,0.3,2248
97,57,69000,0.354,1.2,2477
98,60,72000,0.615,0.5,803
98,60,72000,0.598,0.2,835
98,60,72000,0.56,1,1180
98,60,72000,0.542,0.8,1462
98,60,72000,0.485,0.7,1743
98,60,72000,0.369,1.1,2472
98,60,72000,0.393,0.9,2577
98,60,72000,0.401,0.6,2568
98,60,72000,0.303,0.1,3124
98,60,72000,0.24,0,4052
98,60,72000,0.208,0.3,4254
98,60,72000,0.136,1.2,5684
99,56,54000,0.408,0.5,1483
99,56,54000,0.389,0.2,1814
99,56,54000,0.395,1,1907
99,56,54000,0.348,0.8,2423
99,56,54000,0.35,0.7,2259
99,56,54000,0.455,1.1,1106
99,56,54000,0.556,0.9,546
99,56,54000,0.535,0.6,510
99,56,54000,0.53,0.1,310
99,56,54000,0.505,0,567
99,56,54000,0.385,0.3,1677
99,56,54000,0.331,1.2,2467
100,49,52000,0.483,0.5,1228
100,49,52000,0.469,0.2,1235
100,49,52000,0.473,1,1406
100,49,52000,0.41,0.8,2002
100,49,52000,0.329,0.7,2526
100,49,52000,0.31,1.1,3035
100,49,52000,0.282,0.9,3226
100,49,52000,0.19,0.6,3826
100,49,52000,0.15,0.1,4576
100,49,52000,0.177,0,4038
100,49,52000,0.155,0.3,4220
100,49,52000,0.146,1.2,4768
101,23,58000,0.31,0.5,2576
101,23,58000,0.33,0.2,2694
101,23,58000,0.32,1,2565
101,23,58000,0.266,0.8,3374
101,23,58000,0.23,0.7,3633
101,23,58000,0.235,1.1,3685
101,23,58000,0.236,0.9,3584
101,23,58000,0.236,0.6,3258
101,23,58000,0.212,0.1,3855
101,23,58000,0.183,0,3909
101,23,58000,0.195,0.3,3510
101,23,58000,0.213,1.2,3891
102,46,89000,0.474,0.5,1536
102,46,89000,0.41,0.2,2067
102,46,89000,0.392,1,2184
102,46,89000,0.431,0.8,2283
102,46,89000,0.435,0.7,2042
102,46,89000,0.483,1.1,1738
102,46,89000,0.37,0.9,2453
102,46,89000,0.405,0.6,2064
102,46,89000,0.392,0.1,2031
102,46,89000,0.461,0,1569
102,46,89000,0.46,0.3,1631
102,46,89000,0.527,1.2,1331
103,33,1e+05,0.544,0.5,1141
103,33,1e+05,0.473,0.2,1361
103,33,1e+05,0.483,1,1094
103,33,1e+05,0.47,0.8,1401
103,33,1e+05,0.396,0.7,2008
103,33,1e+05,0.393,1.1,2375
103,33,1e+05,0.379,0.9,2368
103,33,1e+05,0.358,0.6,2209
103,33,1e+05,0.376,0.1,2638
103,33,1e+05,0.335,0,2477
103,33,1e+05,0.411,0.3,2202
103,33,1e+05,0.434,1.2,2226
104,54,73000,0.604,0.5,606
104,54,73000,0.614,0.2,607
104,54,73000,0.647,1,659
104,54,73000,0.538,0.8,1409
104,54,73000,0.629,0.7,937
104,54,73000,0.671,1.1,77
104,54,73000,0.677,0.9,0
104,54,73000,0.658,0.6,262
104,54,73000,0.576,0.1,802
104,54,73000,0.382,0,2240
104,54,73000,0.526,0.3,1179
104,54,73000,0.572,1.2,1058
105,22,98000,0.204,0.5,4086
105,22,98000,0.153,0.2,4803
105,22,98000,0.142,1,5277
105,22,98000,0.119,0.8,5390
105,22,98000,0.103,0.7,5746
105,22,98000,0.125,1.1,5388
105,22,98000,0.128,0.9,5322
105,22,98000,0.115,0.6,5441
105,22,98000,0.099,0.1,5547
105,22,98000,0.132,0,5010
105,22,98000,0.204,0.3,4121
105,22,98000,0.182,1.2,4673
106,29,60000,0.669,0.5,0
106,29,60000,0.636,0.2,0
106,29,60000,0.653,1,0
106,29,60000,0.64,0.8,82
106,29,60000,0.56,0.7,805
106,29,60000,0.621,1.1,687
106,29,60000,0.636,0.9,455
106,29,60000,0.587,0.6,776
106,29,60000,0.573,0.1,506
106,29,60000,0.664,0,330
106,29,60000,0.677,0.3,239
106,29,60000,0.638,1.2,435
107,49,69000,0.577,0.5,0
107,49,69000,0.603,0.2,0
107,49,69000,0.604,1,0
107,49,69000,0.543,0.8,131
107,49,69000,0.505,0.7,482
107,49,69000,0.527,1.1,542
107,49,69000,0.51,0.9,633
107,49,69000,0.517,0.6,563
107,49,69000,0.55,0.1,0
107,49,69000,0.523,0,0
107,49,69000,0.568,0.3,4
107,49,69000,0.67,1.2,0
108,13,80000,0.542,0.5,1090
108,13,80000,0.377,0.2,1928
108,13,80000,0.514,1,1346
108,13,80000,0.51,0.8,1308
108,13,80000,0.588,0.7,636
108,13,80000,0.567,1.1,1166
108,13,80000,0.373,0.9,2601
108,13,80000,0.221,0.6,3815
108,13,80000,0.242,0.1,3305
108,13,80000,0.279,0,2868
108,13,80000,0.323,0.3,2667
108,13,80000,0.334,1.2,2864
109,31,104000,0.434,0.5,1096
109,31,104000,0.431,0.2,595
109,31,104000,0.542,1,332
109,31,104000,0.445,0.8,878
109,31,104000,0.383,0.7,1237
109,31,104000,0.517,1.1,484
109,31,104000,0.551,0.9,351
109,31,104000,0.559,0.6,234
109,31,104000,0.5,0.1,0
109,31,104000,0.496,0,94
109,31,104000,0.503,0.3,216
109,31,104000,0.615,1.2,110
110,43,80000,0.511,0.5,1246
110,43,80000,0.406,0.2,1836
110,43,80000,0.496,1,1510
110,43,80000,0.619,0.8,395
110,43,80000,0.619,0.7,84
110,43,80000,0.639,1.1,232
110,43,80000,0.682,0.9,0
110,43,80000,0.646,0.6,0
110,43,80000,0.634,0.1,0
110,43,80000,0.675,0,0
110,43,80000,0.608,0.3,198
110,43,80000,0.616,1.2,353
111,60,59000,0.605,0.5,952
111,60,59000,0.602,0.2,768
111,60,59000,0.545,1,1280
111,60,59000,0.578,0.8,709
111,60,59000,0.551,0.7,948
111,60,59000,0.599,1.1,978
111,60,59000,0.526,0.9,1810
111,60,59000,0.504,0.6,1901
111,60,59000,0.477,0.1,1513
111,60,59000,0.453,0,1754
111,60,59000,0.512,0.3,1139
111,60,59000,0.493,1.2,1633
112,26,43000,0.601,0.5,0
112,26,43000,0.628,0.2,0
112,26,43000,0.658,1,0
112,26,43000,0.65,0.8,0
112,26,43000,0.63,0.7,140
112,26,43000,0.609,1.1,529
112,26,43000,0.595,0.9,552
112,26,43000,0.538,0.6,651
112,26,43000,0.578,0.1,238
112,26,43000,0.562,0,117
112,26,43000,0.535,0.3,494
112,26,43000,0.542,1.2,903
113,19,142000,0.365,0.5,1825
113,19,142000,0.252,0.2,2593
113,19,142000,0.195,1,3287
113,19,142000,0.183,0.8,3225
113,19,142000,0.217,0.7,3210
113,19,142000,0.242,1.1,3373
113,19,142000,0.226,0.9,3049
113,19,142000,0.163,0.6,3668
113,19,142000,0.163,0.1,3591
113,19,142000,0.158,0,3360
113,19,142000,0.102,0.3,4395
113,19,142000,0.127,1.2,4606
114,6,96000,0.442,0.5,1175
114,6,96000,0.342,0.2,2136
114,6,96000,0.302,1,2506
114,6,96000,0.345,0.8,1886
114,6,96000,0.432,0.7,1444
114,6,96000,0.38,1.1,1749
114,6,96000,0.38,0.9,1892
114,6,96000,0.333,0.6,1809
114,6,96000,0.307,0.1,1975
114,6,96000,0.368,0,1763
114,6,96000,0.272,0.3,2486
114,6,96000,0.381,1.2,1730
115,48,72000,0.627,0.5,699
115,48,72000,0.707,0.2,162
115,48,72000,0.682,1,452
115,48,72000,0.582,0.8,1043
115,48,72000,0.626,0.7,1003
115,48,72000,0.503,1.1,1846
115,48,72000,0.463,0.9,2077
115,48,72000,0.44,0.6,2458
115,48,72000,0.389,0.1,2559
115,48,72000,0.474,0,1989
115,48,72000,0.427,0.3,2172
115,48,72000,0.511,1.2,2056
116,10,66000,0.433,0.5,834
116,10,66000,0.359,0.2,1224
116,10,66000,0.456,1,1088
116,10,66000,0.416,0.8,805
116,10,66000,0.312,0.7,1671
116,10,66000,0.345,1.1,1909
116,10,66000,0.44,0.9,886
116,10,66000,0.503,0.6,208
116,10,66000,0.427,0.1,733
116,10,66000,0.339,0,1191
116,10,66000,0.36,0.3,1396
116,10,66000,0.477,1.2,1029
117,18,95000,0.441,0.5,905
117,18,95000,0.537,0.2,228
117,18,95000,0.585,1,174
117,18,95000,0.558,0.8,0
117,18,95000,0.593,0.7,0
117,18,95000,0.558,1.1,352
117,18,95000,0.432,0.9,1120
117,18,95000,0.319,0.6,1809
117,18,95000,0.361,0.1,1457
117,18,95000,0.279,0,2090
117,18,95000,0.331,0.3,2403
117,18,95000,0.292,1.2,2504
118,56,66000,0.589,0.5,896
118,56,66000,0.479,0.2,1718
118,56,66000,0.435,1,2252
118,56,66000,0.493,0.8,1804
118,56,66000,0.547,0.7,1237
118,56,66000,0.564,1.1,1160
118,56,66000,0.47,0.9,1819
118,56,66000,0.587,0.6,1080
118,56,66000,0.624,0.1,602
118,56,66000,0.506,0,1277
118,56,66000,0.552,0.3,942
118,56,66000,0.539,1.2,1215
119,9,94000,0.589,0.5,0
119,9,94000,0.459,0.2,869
119,9,94000,0.388,1,1860
119,9,94000,0.374,0.8,1677
119,9,94000,0.433,0.7,1313
119,9,94000,0.48,1.1,1327
119,9,94000,0.359,0.9,1945
119,9,94000,0.342,0.6,1958
119,9,94000,0.396,0.1,1269
119,9,94000,0.484,0,510
119,9,94000,0.466,0.3,880
119,9,94000,0.502,1.2,946
120,32,86000,0.504,0.5,1047
120,32,86000,0.527,0.2,955
120,32,86000,0.662,1,71
120,32,86000,0.678,0.8,7
120,32,86000,0.654,0.7,0
120,32,86000,0.655,1.1,258
120,32,86000,0.632,0.9,400
120,32,86000,0.576,0.6,677
120,32,86000,0.498,0.1,927
120,32,86000,0.508,0,1042
120,32,86000,0.59,0.3,402
120,32,86000,0.589,1.2,941
121,33,70000,0.289,0.5,2019
121,33,70000,0.203,0.2,2839
121,33,70000,0.243,1,2568
121,33,70000,0.224,0.8,2657
121,33,70000,0.258,0.7,2375
121,33,70000,0.235,1.1,2689
121,33,70000,0.297,0.9,1943
121,33,70000,0.257,0.6,2045
121,33,70000,0.204,0.1,2584
121,33,70000,0.169,0,3140
121,33,70000,0.177,0.3,3054
121,33,70000,0.186,1.2,3449
122,15,88000,0.372,0.5,1968
122,15,88000,0.319,0.2,2394
122,15,88000,0.337,1,2276
122,15,88000,0.333,0.8,2637
122,15,88000,0.341,0.7,2255
122,15,88000,0.283,1.1,2952
122,15,88000,0.279,0.9,2689
122,15,88000,0.316,0.6,2303
122,15,88000,0.296,0.1,2697
122,15,88000,0.203,0,3433
122,15,88000,0.239,0.3,3322
122,15,88000,0.264,1.2,3153
123,52,61000,0.509,0.5,1197
123,52,61000,0.482,0.2,1458
123,52,61000,0.559,1,996
123,52,61000,0.379,0.8,2359
123,52,61000,0.522,0.7,1378
123,52,61000,0.51,1.1,1489
123,52,61000,0.634,0.9,867
123,52,61000,0.515,0.6,1100
123,52,61000,0.585,0.1,772
123,52,61000,0.499,0,1370
123,52,61000,0.522,0.3,1413
123,52,61000,0.544,1.2,1266
124,48,62000,0.58,0.5,1070
124,48,62000,0.52,0.2,1548
124,48,62000,0.439,1,2490
124,48,62000,0.485,0.8,2170
124,48,62000,0.555,0.7,1406
124,48,62000,0.553,1.1,1886
124,48,62000,0.443,0.9,2291
124,48,62000,0.521,0.6,1462
124,48,62000,0.552,0.1,1160
124,48,62000,0.496,0,1625
124,48,62000,0.537,0.3,1553
124,48,62000,0.479,1.2,1952
125,45,60000,0.655,0.5,0
125,45,60000,0.644,0.2,0
125,45,60000,0.683,1,0
125,45,60000,0.609,0.8,414
125,45,60000,0.67,0.7,85
125,45,60000,0.701,1.1,0
125,45,60000,0.624,0.9,183
125,45,60000,0.647,0.6,308
125,45,60000,0.435,0.1,1724
125,45,60000,0.485,0,1479
125,45,60000,0.367,0.3,2389
125,45,60000,0.338,1.2,2678
126,45,84000,0.575,0.5,617
126,45,84000,0.4,0.2,1556
126,45,84000,0.414,1,1866
126,45,84000,0.362,0.8,2084
126,45,84000,0.301,0.7,2779
126,45,84000,0.398,1.1,1833
126,45,84000,0.36,0.9,1967
126,45,84000,0.426,0.6,1744
126,45,84000,0.38,0.1,1964
126,45,84000,0.425,0,1527
126,45,84000,0.448,0.3,1393
126,45,84000,0.535,1.2,936
127,36,112000,0.4,0.5,1528
127,36,112000,0.378,0.2,1708
127,36,112000,0.412,1,1806
127,36,112000,0.459,0.8,1461
127,36,112000,0.43,0.7,1314
127,36,112000,0.481,1.1,1320
127,36,112000,0.392,0.9,1553
127,36,112000,0.476,0.6,1100
127,36,112000,0.398,0.1,1605
127,36,112000,0.399,0,1819
127,36,112000,0.383,0.3,1631
127,36,112000,0.416,1.2,1715
128,23,143000,0.53,0.5,339
128,23,143000,0.497,0.2,628
128,23,143000,0.615,1,193
128,23,143000,0.607,0.8,140
128,23,143000,0.566,0.7,387
128,23,143000,0.574,1.1,399
128,23,143000,0.616,0.9,184
128,23,143000,0.569,0.6,369
128,23,143000,0.404,0.1,1423
128,23,143000,0.513,0,432
128,23,143000,0.465,0.3,891
128,23,143000,0.43,1.2,1602
129,37,94000,0.468,0.5,1717
129,37,94000,0.56,0.2,774
129,37,94000,0.617,1,336
129,37,94000,0.647,0.8,40
129,37,94000,0.619,0.7,534
129,37,94000,0.695,1.1,154
129,37,94000,0.647,0.9,410
129,37,94000,0.542,0.6,950
129,37,94000,0.555,0.1,719
129,37,94000,0.507,0,1083
129,37,94000,0.539,0.3,1254
129,37,94000,0.586,1.2,1027
130,10,95000,0.506,0.5,0
130,10,95000,0.417,0.2,840
130,10,95000,0.419,1,756
130,10,95000,0.416,0.8,882
130,10,95000,0.397,0.7,1187
130,10,95000,0.354,1.1,1527
130,10,95000,0.333,0.9,1754
130,10,95000,0.28,0.6,1892
130,10,95000,0.182,0.1,3070
130,10,95000,0.202,0,2678
130,10,95000,0.264,0.3,2173
130,10,95000,0.271,1.2,2599
131,19,112000,0.56,0.5,0
131,19,112000,0.524,0.2,553
131,19,112000,0.502,1,445
131,19,112000,0.575,0.8,43
131,19,112000,0.562,0.7,91
131,19,112000,0.559,1.1,154
131,19,112000,0.518,0.9,360
131,19,112000,0.546,0.6,0
131,19,112000,0.546,0.1,0
131,19,112000,0.522,0,0
131,19,112000,0.548,0.3,0
131,19,112000,0.432,1.2,1081
132,59,78000,0.67,0.5,0
132,59,78000,0.66,0.2,0
132,59,78000,0.55,1,746
132,59,78000,0.589,0.8,470
132,59,78000,0.62,0.7,175
132,59,78000,0.588,1.1,687
132,59,78000,0.645,0.9,192
132,59,78000,0.588,0.6,586
132,59,78000,0.559,0.1,723
132,59,78000,0.506,0,994
132,59,78000,0.512,0.3,1032
132,59,78000,0.535,1.2,659
133,41,72000,0.626,0.5,397
133,41,72000,0.58,0.2,551
133,41,72000,0.581,1,954
133,41,72000,0.665,0.8,306
133,41,72000,0.694,0.7,156
133,41,72000,0.706,1.1,102
133,41,72000,0.711,0.9,1
133,41,72000,0.609,0.6,276
133,41,72000,0.649,0.1,103
133,41,72000,0.63,0,0
133,41,72000,0.602,0.3,310
133,41,72000,0.681,1.2,0
134,55,58000,0.606,0.5,882
134,55,58000,0.693,0.2,154
134,55,58000,0.697,1,207
134,55,58000,0.708,0.8,142
134,55,58000,0.674,0.7,276
134,55,58000,0.697,1.1,185
134,55,58000,0.626,0.9,911
134,55,58000,0.566,0.6,1426
134,55,58000,0.598,0.1,974
134,55,58000,0.696,0,90
134,55,58000,0.665,0.3,822
134,55,58000,0.65,1.2,540
135,43,82000,0.45,0.5,1343
135,43,82000,0.416,0.2,1275
135,43,82000,0.504,1,1089
135,43,82000,0.54,0.8,838
135,43,82000,0.469,0.7,1267
135,43,82000,0.46,1.1,1475
135,43,82000,0.308,0.9,2489
135,43,82000,0.244,0.6,3141
135,43,82000,0.279,0.1,2616
135,43,82000,0.332,0,2144
135,43,82000,0.358,0.3,2059
135,43,82000,0.438,1.2,1738
136,33,78000,0.415,0.5,1136
136,33,78000,0.435,0.2,773
136,33,78000,0.553,1,426
136,33,78000,0.421,0.8,1396
136,33,78000,0.415,0.7,1651
136,33,78000,0.394,1.1,1698
136,33,78000,0.26,0.9,2606
136,33,78000,0.214,0.6,3122
136,33,78000,0.205,0.1,2910
136,33,78000,0.328,0,1959
136,33,78000,0.288,0.3,2099
136,33,78000,0.23,1.2,2786
137,56,96000,0.726,0.5,0
137,56,96000,0.719,0.2,0
137,56,96000,0.732,1,0
137,56,96000,0.703,0.8,35
137,56,96000,0.709,0.7,27
137,56,96000,0.75,1.1,0
137,56,96000,0.715,0.9,224
137,56,96000,0.657,0.6,801
137,56,96000,0.622,0.1,754
137,56,96000,0.581,0,1258
137,56,96000,0.541,0.3,1598
137,56,96000,0.576,1.2,1589
138,22,74000,0.405,0.5,910
138,22,74000,0.45,0.2,705
138,22,74000,0.575,1,0
138,22,74000,0.58,0.8,0
138,22,74000,0.578,0.7,0
138,22,74000,0.578,1.1,71
138,22,74000,0.529,0.9,847
138,22,74000,0.378,0.6,1410
138,22,74000,0.285,0.1,2136
138,22,74000,0.319,0,1854
138,22,74000,0.308,0.3,2241
138,22,74000,0.268,1.2,2655
139,46,70000,0.605,0.5,0
139,46,70000,0.591,0.2,0
139,46,70000,0.649,1,121
139,46,70000,0.467,0.8,1282
139,46,70000,0.345,0.7,2052
139,46,70000,0.463,1.1,1340
139,46,70000,0.46,0.9,1697
139,46,70000,0.334,0.6,2135
139,46,70000,0.279,0.1,2974
139,46,70000,0.232,0,3378
139,46,70000,0.202,0.3,3850
139,46,70000,0.291,1.2,3150
140,28,103000,0.494,0.5,0
140,28,103000,0.51,0.2,0
140,28,103000,0.388,1,966
140,28,103000,0.478,0.8,462
140,28,103000,0.497,0.7,329
140,28,103000,0.483,1.1,562
140,28,103000,0.48,0.9,592
140,28,103000,0.382,0.6,1162
140,28,103000,0.47,0.1,577
140,28,103000,0.364,0,1158
140,28,103000,0.319,0.3,1584
140,28,103000,0.39,1.2,1200
141,36,142000,0.596,0.5,671
141,36,142000,0.46,0.2,1454
141,36,142000,0.443,1,1445
141,36,142000,0.401,0.8,1712
141,36,142000,0.494,0.7,791
141,36,142000,0.49,1.1,1141
141,36,142000,0.538,0.9,880
141,36,142000,0.521,0.6,943
141,36,142000,0.557,0.1,542
141,36,142000,0.615,0,32
141,36,142000,0.612,0.3,186
141,36,142000,0.6,1.2,435
142,31,74000,0.503,0.5,1440
142,31,74000,0.528,0.2,1023
142,31,74000,0.581,1,978
142,31,74000,0.446,0.8,1855
142,31,74000,0.371,0.7,2534
142,31,74000,0.369,1.1,2595
142,31,74000,0.396,0.9,2303
142,31,74000,0.438,0.6,2176
142,31,74000,0.297,0.1,2599
142,31,74000,0.311,0,2732
142,31,74000,0.323,0.3,2827
142,31,74000,0.249,1.2,3749
143,32,74000,0.619,0.5,0
143,32,74000,0.65,0.2,0
143,32,74000,0.55,1,619
143,32,74000,0.529,0.8,616
143,32,74000,0.468,0.7,1069
143,32,74000,0.558,1.1,633
143,32,74000,0.482,0.9,1288
143,32,74000,0.441,0.6,1337
143,32,74000,0.426,0.1,1479
143,32,74000,0.425,0,1502
143,32,74000,0.449,0.3,1621
143,32,74000,0.419,1.2,2116
144,34,71000,0.459,0.5,932
144,34,71000,0.443,0.2,1090
144,34,71000,0.454,1,1412
144,34,71000,0.403,0.8,1664
144,34,71000,0.409,0.7,1619
144,34,71000,0.325,1.1,2610
144,34,71000,0.282,0.9,2786
144,34,71000,0.315,0.6,2397
144,34,71000,0.247,0.1,2903
144,34,71000,0.194,0,3280
144,34,71000,0.186,0.3,3358
144,34,71000,0.208,1.2,4040
145,9,69000,0.476,0.5,1043
145,9,69000,0.527,0.2,879
145,9,69000,0.477,1,1473
145,9,69000,0.424,0.8,1689
145,9,69000,0.476,0.7,1143
145,9,69000,0.505,1.1,1249
145,9,69000,0.581,0.9,603
145,9,69000,0.621,0.6,0
145,9,69000,0.599,0.1,0
145,9,69000,0.42,0,1367
145,9,69000,0.399,0.3,1883
145,9,69000,0.374,1.2,2518
146,42,99000,0.455,0.5,1558
146,42,99000,0.375,0.2,2421
146,42,99000,0.384,1,2751
146,42,99000,0.45,0.8,1992
146,42,99000,0.476,0.7,1935
146,42,99000,0.472,1.1,2002
146,42,99000,0.446,0.9,2062
146,42,99000,0.436,0.6,2225
146,42,99000,0.423,0.1,2083
146,42,99000,0.477,0,1518
146,42,99000,0.5,0.3,1590
146,42,99000,0.484,1.2,1816
147,19,46000,0.62,0.5,541
147,19,46000,0.586,0.2,538
147,19,46000,0.586,1,775
147,19,46000,0.477,0.8,1517
147,19,46000,0.466,0.7,1286
147,19,46000,0.525,1.1,1307
147,19,46000,0.498,0.9,1453
147,19,46000,0.392,0.6,1989
147,19,46000,0.341,0.1,2380
147,19,46000,0.272,0,2993
147,19,46000,0.241,0.3,3569
147,19,46000,0.312,1.2,3108
148,57,88000,0.731,0.5,668
148,57,88000,0.612,0.2,2030
148,57,88000,0.658,1,1571
148,57,88000,0.667,0.8,1406
148,57,88000,0.725,0.7,854
148,57,88000,0.61,1.1,1837
148,57,88000,0.534,0.9,2557
148,57,88000,0.42,0.6,3354
148,57,88000,0.351,0.1,3790
148,57,88000,0.262,0,4324
148,57,88000,0.359,0.3,3831
148,57,88000,0.355,1.2,4178
149,47,81000,0.531,0.5,1064
149,47,81000,0.53,0.2,1015
149,47,81000,0.613,1,616
149,47,81000,0.587,0.8,875
149,47,81000,0.624,0.7,682
149,47,81000,0.627,1.1,716
149,47,81000,0.586,0.9,794
149,47,81000,0.577,0.6,646
149,47,81000,0.518,0.1,1100
149,47,81000,0.572,0,810
149,47,81000,0.574,0.3,724
149,47,81000,0.601,1.2,938
150,10,109000,0.302,0.5,1952
150,10,109000,0.182,0.2,3332
150,10,109000,0.19,1,3336
150,10,109000,0.167,0.8,3711
150,10,109000,0.169,0.7,3759
150,10,109000,0.121,1.1,4547
150,10,109000,0.095,0.9,4748
150,10,109000,0.089,0.6,5160
150,10,109000,0.053,0.1,5898
150,10,109000,0.068,0,5306
150,10,109000,0.1,0.3,4556
150,10,109000,0.11,1.2,4893
151,59,84000,0.556,0.5,1141
151,59,84000,0.537,0.2,868
151,59,84000,0.514,1,1381
151,59,84000,0.555,0.8,1066
151,59,84000,0.512,0.7,1067
151,59,84000,0.456,1.1,1854
151,59,84000,0.444,0.9,1782
151,59,84000,0.524,0.6,1237
151,59,84000,0.497,0.1,1273
151,59,84000,0.411,0,2060
151,59,84000,0.446,0.3,1745
151,59,84000,0.494,1.2,1372
152,53,92000,0.722,0.5,610
152,53,92000,0.743,0.2,611
152,53,92000,0.725,1,703
152,53,92000,0.585,0.8,1833
152,53,92000,0.544,0.7,2235
152,53,92000,0.501,1.1,2624
152,53,92000,0.43,0.9,3021
152,53,92000,0.489,0.6,2269
152,53,92000,0.527,0.1,2194
152,53,92000,0.436,0,2844
152,53,92000,0.457,0.3,2563
152,53,92000,0.649,1.2,1357
153,13,99000,0.534,0.5,374
153,13,99000,0.595,0.2,0
153,13,99000,0.665,1,60
153,13,99000,0.626,0.8,0
153,13,99000,0.666,0.7,0
153,13,99000,0.625,1.1,195
153,13,99000,0.64,0.9,0
153,13,99000,0.608,0.6,0
153,13,99000,0.557,0.1,526
153,13,99000,0.479,0,424
153,13,99000,0.572,0.3,330
153,13,99000,0.618,1.2,0
154,53,92000,0.621,0.5,396
154,53,92000,0.598,0.2,544
154,53,92000,0.668,1,342
154,53,92000,0.633,0.8,418
154,53,92000,0.67,0.7,0
154,53,92000,0.677,1.1,84
154,53,92000,0.652,0.9,170
154,53,92000,0.645,0.6,0
154,53,92000,0.646,0.1,0
154,53,92000,0.685,0,0
154,53,92000,0.693,0.3,0
154,53,92000,0.694,1.2,0
155,17,95000,0.569,0.5,0
155,17,95000,0.533,0.2,31
155,17,95000,0.586,1,0
155,17,95000,0.59,0.8,0
155,17,95000,0.595,0.7,0
155,17,95000,0.578,1.1,0
155,17,95000,0.465,0.9,1068
155,17,95000,0.348,0.6,1750
155,17,95000,0.305,0.1,2032
155,17,95000,0.285,0,2467
155,17,95000,0.257,0.3,2578
155,17,95000,0.33,1.2,2123
156,44,86000,0.382,0.5,1669
156,44,86000,0.36,0.2,1924
156,44,86000,0.279,1,2841
156,44,86000,0.178,0.8,3555
156,44,86000,0.226,0.7,3429
156,44,86000,0.165,1.1,3956
156,44,86000,0.162,0.9,3992
156,44,86000,0.202,0.6,3537
156,44,86000,0.195,0.1,3505
156,44,86000,0.239,0,2904
156,44,86000,0.299,0.3,2523
156,44,86000,0.366,1.2,2145
157,50,54000,0.295,0.5,2412
157,50,54000,0.242,0.2,2715
157,50,54000,0.223,1,3428
157,50,54000,0.168,0.8,4264
157,50,54000,0.131,0.7,4497
157,50,54000,0.113,1.1,5300
157,50,54000,0.132,0.9,4274
157,50,54000,0.145,0.6,4394
157,50,54000,0.133,0.1,4478
157,50,54000,0.092,0,5258
157,50,54000,0.084,0.3,5300
157,50,54000,0.099,1.2,5304
158,9,53000,0.384,0.5,1492
158,9,53000,0.303,0.2,1567
158,9,53000,0.438,1,1256
158,9,53000,0.456,0.8,884
158,9,53000,0.369,0.7,1500
158,9,53000,0.411,1.1,1679
158,9,53000,0.407,0.9,1261
158,9,53000,0.492,0.6,543
158,9,53000,0.44,0.1,409
158,9,53000,0.454,0,454
158,9,53000,0.464,0.3,303
158,9,53000,0.543,1.2,341
159,36,76000,0.456,0.5,1545
159,36,76000,0.478,0.2,1319
159,36,76000,0.364,1,2280
159,36,76000,0.473,0.8,1328
159,36,76000,0.489,0.7,1060
159,36,76000,0.521,1.1,995
159,36,76000,0.445,0.9,1503
159,36,76000,0.365,0.6,2090
159,36,76000,0.284,0.1,2715
159,36,76000,0.426,0,1705
159,36,76000,0.476,0.3,1371
159,36,76000,0.42,1.2,1901
160,14,68000,0.569,0.5,0
160,14,68000,0.513,0.2,345
160,14,68000,0.488,1,1028
160,14,68000,0.419,0.8,1203
160,14,68000,0.375,0.7,1330
160,14,68000,0.408,1.1,1691
160,14,68000,0.376,0.9,1562
160,14,68000,0.395,0.6,1357
160,14,68000,0.313,0.1,1919
160,14,68000,0.359,0,1419
160,14,68000,0.364,0.3,1636
160,14,68000,0.326,1.2,2541
161,31,103000,0.524,0.5,773
161,31,103000,0.422,0.2,1294
161,31,103000,0.454,1,1264
161,31,103000,0.486,0.8,1064
161,31,103000,0.361,0.7,1717
161,31,103000,0.341,1.1,2203
161,31,103000,0.271,0.9,2760
161,31,103000,0.277,0.6,2680
161,31,103000,0.245,0.1,2509
161,31,103000,0.233,0,2733
161,31,103000,0.248,0.3,2672
161,31,103000,0.225,1.2,3231
162,47,59000,0.576,0.5,1145
162,47,59000,0.58,0.2,461
162,47,59000,0.631,1,473
162,47,59000,0.592,0.8,507
162,47,59000,0.641,0.7,240
162,47,59000,0.492,1.1,1386
162,47,59000,0.539,0.9,1059
162,47,59000,0.509,0.6,1372
162,47,59000,0.387,0.1,1889
162,47,59000,0.324,0,2724
162,47,59000,0.377,0.3,2468
162,47,59000,0.399,1.2,2562
163,29,120000,0.516,0.5,817
163,29,120000,0.539,0.2,306
163,29,120000,0.512,1,963
163,29,120000,0.369,0.8,1758
163,29,120000,0.293,0.7,2471
163,29,120000,0.228,1.1,3223
163,29,120000,0.219,0.9,3611
163,29,120000,0.193,0.6,3566
163,29,120000,0.185,0.1,3702
163,29,120000,0.205,0,3265
163,29,120000,0.175,0.3,3710
163,29,120000,0.174,1.2,4298
164,27,73000,0.654,0.5,0
164,27,73000,0.618,0.2,0
164,27,73000,0.509,1,1260
164,27,73000,0.459,0.8,1821
164,27,73000,0.276,0.7,2991
164,27,73000,0.34,1.1,2905
164,27,73000,0.29,0.9,3164
164,27,73000,0.266,0.6,3120
164,27,73000,0.344,0.1,2560
164,27,73000,0.333,0,2382
164,27,73000,0.333,0.3,2491
164,27,73000,0.426,1.2,2048
165,31,94000,0.674,0.5,0
165,31,94000,0.641,0.2,0
165,31,94000,0.63,1,264
165,31,94000,0.603,0.8,564
165,31,94000,0.56,0.7,666
165,31,94000,0.588,1.1,928
165,31,94000,0.478,0.9,1357
165,31,94000,0.587,0.6,573
165,31,94000,0.517,0.1,905
165,31,94000,0.513,0,689
165,31,94000,0.512,0.3,1147
165,31,94000,0.522,1.2,1270
166,34,76000,0.683,0.5,0
166,34,76000,0.588,0.2,251
166,34,76000,0.675,1,180
166,34,76000,0.592,0.8,805
166,34,76000,0.603,0.7,601
166,34,76000,0.577,1.1,1155
166,34,76000,0.543,0.9,1123
166,34,76000,0.431,0.6,1671
166,34,76000,0.501,0.1,1112
166,34,76000,0.543,0,717
166,34,76000,0.615,0.3,356
166,34,76000,0.61,1.2,323
167,52,79000,0.642,0.5,0
167,52,79000,0.575,0.2,203
167,52,79000,0.634,1,0
167,52,79000,0.583,0.8,652
167,52,79000,0.545,0.7,956
167,52,79000,0.468,1.1,1453
167,52,79000,0.351,0.9,2189
167,52,79000,0.358,0.6,2417
167,52,79000,0.262,0.1,2959
167,52,79000,0.287,0,2960
167,52,79000,0.342,0.3,2329
167,52,79000,0.41,1.2,2085
168,10,61000,0.592,0.5,643
168,10,61000,0.615,0.2,194
168,10,61000,0.675,1,107
168,10,61000,0.589,0.8,823
168,10,61000,0.574,0.7,665
168,10,61000,0.522,1.1,1437
168,10,61000,0.346,0.9,2776
168,10,61000,0.312,0.6,2897
168,10,61000,0.2,0.1,3764
168,10,61000,0.215,0,3704
168,10,61000,0.198,0.3,3843
168,10,61000,0.332,1.2,3358
169,6,66000,0.469,0.5,929
169,6,66000,0.438,0.2,1037
169,6,66000,0.42,1,1360
169,6,66000,0.427,0.8,1261
169,6,66000,0.47,0.7,587
169,6,66000,0.547,1.1,554
169,6,66000,0.516,0.9,682
169,6,66000,0.513,0.6,304
169,6,66000,0.496,0.1,327
169,6,66000,0.443,0,679
169,6,66000,0.531,0.3,206
169,6,66000,0.598,1.2,0
170,52,104000,0.72,0.5,0
170,52,104000,0.703,0.2,400
170,52,104000,0.652,1,892
170,52,104000,0.645,0.8,934
170,52,104000,0.659,0.7,617
170,52,104000,0.703,1.1,143
170,52,104000,0.726,0.9,0
170,52,104000,0.72,0.6,0
170,52,104000,0.674,0.1,401
170,52,104000,0.68,0,399
170,52,104000,0.689,0.3,432
170,52,104000,0.696,1.2,550
171,26,96000,0.464,0.5,840
171,26,96000,0.516,0.2,530
171,26,96000,0.599,1,315
171,26,96000,0.513,0.8,260
171,26,96000,0.628,0.7,0
171,26,96000,0.61,1.1,0
171,26,96000,0.578,0.9,327
171,26,96000,0.479,0.6,857
171,26,96000,0.44,0.1,820
171,26,96000,0.489,0,951
171,26,96000,0.368,0.3,1902
171,26,96000,0.433,1.2,1709
172,54,52000,0.307,0.5,2662
172,54,52000,0.241,0.2,3238
172,54,52000,0.177,1,4249
172,54,52000,0.253,0.8,3181
172,54,52000,0.318,0.7,2591
172,54,52000,0.263,1.1,3420
172,54,52000,0.357,0.9,2529
172,54,52000,0.259,0.6,3067
172,54,52000,0.177,0.1,3909
172,54,52000,0.246,0,3436
172,54,52000,0.246,0.3,3303
172,54,52000,0.281,1.2,3212
173,48,98000,0.596,0.5,0
173,48,98000,0.471,0.2,953
173,48,98000,0.421,1,1274
173,48,98000,0.44,0.8,965
173,48,98000,0.439,0.7,1281
173,48,98000,0.44,1.1,1253
173,48,98000,0.357,0.9,1907
173,48,98000,0.459,0.6,1124
173,48,98000,0.42,0.1,936
173,48,98000,0.466,0,584
173,48,98000,0.475,0.3,915
173,48,98000,0.481,1.2,958
174,28,101000,0.631,0.5,0
174,28,101000,0.619,0.2,0
174,28,101000,0.596,1,279
174,28,101000,0.525,0.8,1280
174,28,101000,0.409,0.7,1827
174,28,101000,0.385,1.1,1987
174,28,101000,0.296,0.9,2638
174,28,101000,0.332,0.6,2078
174,28,101000,0.335,0.1,2099
174,28,101000,0.356,0,2070
174,28,101000,0.402,0.3,1504
174,28,101000,0.505,1.2,1164
175,57,111000,0.381,0.5,2373
175,57,111000,0.351,0.2,2597
175,57,111000,0.296,1,2994
175,57,111000,0.315,0.8,2761
175,57,111000,0.254,0.7,3545
175,57,111000,0.265,1.1,3172
175,57,111000,0.236,0.9,3815
175,57,111000,0.294,0.6,3203
175,57,111000,0.198,0.1,4018
175,57,111000,0.179,0,4384
175,57,111000,0.143,0.3,4645
175,57,111000,0.14,1.2,5046
176,6,109000,0.547,0.5,673
176,6,109000,0.546,0.2,118
176,6,109000,0.609,1,143
176,6,109000,0.641,0.8,0
176,6,109000,0.606,0.7,0
176,6,109000,0.484,1.1,1430
176,6,109000,0.411,0.9,1522
176,6,109000,0.516,0.6,798
176,6,109000,0.493,0.1,832
176,6,109000,0.597,0,34
176,6,109000,0.561,0.3,199
176,6,109000,0.618,1.2,180
177,11,83000,0.607,0.5,0
177,11,83000,0.617,0.2,0
177,11,83000,0.643,1,71
177,11,83000,0.576,0.8,396
177,11,83000,0.545,0.7,695
177,11,83000,0.573,1.1,938
177,11,83000,0.486,0.9,1252
177,11,83000,0.51,0.6,824
177,11,83000,0.503,0.1,871
177,11,83000,0.438,0,1530
177,11,83000,0.364,0.3,2060
177,11,83000,0.419,1.2,1759
178,27,80000,0.603,0.5,587
178,27,80000,0.456,0.2,1656
178,27,80000,0.627,1,663
178,27,80000,0.655,0.8,255
178,27,80000,0.605,0.7,902
178,27,80000,0.526,1.1,1602
178,27,80000,0.525,0.9,1400
178,27,80000,0.468,0.6,1580
178,27,80000,0.506,0.1,1342
178,27,80000,0.492,0,1361
178,27,80000,0.529,0.3,1004
178,27,80000,0.56,1.2,1142
179,31,110000,0.553,0.5,0
179,31,110000,0.492,0.2,0
179,31,110000,0.451,1,482
179,31,110000,0.517,0.8,0
179,31,110000,0.535,0.7,185
179,31,110000,0.524,1.1,20
179,31,110000,0.539,0.9,139
179,31,110000,0.466,0.6,502
179,31,110000,0.377,0.1,1181
179,31,110000,0.43,0,515
179,31,110000,0.397,0.3,1000
179,31,110000,0.348,1.2,1460
180,47,101000,0.504,0.5,974
180,47,101000,0.564,0.2,919
180,47,101000,0.613,1,1004
180,47,101000,0.498,0.8,1639
180,47,101000,0.464,0.7,1875
180,47,101000,0.448,1.1,2140
180,47,101000,0.472,0.9,1803
180,47,101000,0.506,0.6,1243
180,47,101000,0.48,0.1,1682
180,47,101000,0.436,0,1688
180,47,101000,0.518,0.3,1225
180,47,101000,0.563,1.2,1313
181,15,74000,0.457,0.5,1479
181,15,74000,0.444,0.2,1719
181,15,74000,0.467,1,2203
181,15,74000,0.392,0.8,2636
181,15,74000,0.402,0.7,2373
181,15,74000,0.365,1.1,2654
181,15,74000,0.204,0.9,4455
181,15,74000,0.218,0.6,3995
181,15,74000,0.292,0.1,3267
181,15,74000,0.257,0,3571
181,15,74000,0.273,0.3,3025
181,15,74000,0.332,1.2,3087
182,58,74000,0.374,0.5,2146
182,58,74000,0.266,0.2,3195
182,58,74000,0.394,1,2306
182,58,74000,0.491,0.8,1810
182,58,74000,0.578,0.7,833
182,58,74000,0.566,1.1,1021
182,58,74000,0.614,0.9,560
182,58,74000,0.623,0.6,545
182,58,74000,0.626,0.1,303
182,58,74000,0.656,0,0
182,58,74000,0.653,0.3,0
182,58,74000,0.68,1.2,0
183,23,86000,0.516,0.5,1054
183,23,86000,0.455,0.2,1470
183,23,86000,0.586,1,839
183,23,86000,0.527,0.8,813
183,23,86000,0.553,0.7,827
183,23,86000,0.561,1.1,776
183,23,86000,0.623,0.9,445
183,23,86000,0.489,0.6,1287
183,23,86000,0.397,0.1,1671
183,23,86000,0.414,0,1723
183,23,86000,0.42,0.3,2070
183,23,86000,0.294,1.2,3144
184,50,49000,0.577,0.5,999
184,50,49000,0.493,0.2,1795
184,50,49000,0.563,1,1506
184,50,49000,0.595,0.8,822
184,50,49000,0.593,0.7,1171
184,50,49000,0.618,1.1,736
184,50,49000,0.597,0.9,911
184,50,49000,0.559,0.6,1265
184,50,49000,0.42,0.1,2322
184,50,49000,0.429,0,2141
184,50,49000,0.468,0.3,1919
184,50,49000,0.498,1.2,1748
185,60,64000,0.441,0.5,1428
185,60,64000,0.54,0.2,765
185,60,64000,0.497,1,1507
185,60,64000,0.423,0.8,1703
185,60,64000,0.418,0.7,1919
185,60,64000,0.482,1.1,1572
185,60,64000,0.49,0.9,1142
185,60,64000,0.58,0.6,690
185,60,64000,0.483,0.1,1068
185,60,64000,0.303,0,2537
185,60,64000,0.41,0.3,2030
185,60,64000,0.419,1.2,1845
186,30,54000,0.492,0.5,1083
186,30,54000,0.429,0.2,1070
186,30,54000,0.444,1,1395
186,30,54000,0.437,0.8,1500
186,30,54000,0.381,0.7,1835
186,30,54000,0.416,1.1,1327
186,30,54000,0.291,0.9,2487
186,30,54000,0.349,0.6,2001
186,30,54000,0.365,0.1,1563
186,30,54000,0.277,0,2047
186,30,54000,0.397,0.3,1670
186,30,54000,0.322,1.2,2601
187,30,65000,0.598,0.5,544
187,30,65000,0.636,0.2,0
187,30,65000,0.672,1,0
187,30,65000,0.607,0.8,483
187,30,65000,0.536,0.7,734
187,30,65000,0.585,1.1,578
187,30,65000,0.629,0.9,639
187,30,65000,0.447,0.6,1439
187,30,65000,0.426,0.1,1600
187,30,65000,0.434,0,1588
187,30,65000,0.531,0.3,741
187,30,65000,0.611,1.2,507
188,14,63000,0.403,0.5,1117
188,14,63000,0.421,0.2,894
188,14,63000,0.378,1,1483
188,14,63000,0.389,0.8,1342
188,14,63000,0.498,0.7,423
188,14,63000,0.398,1.1,1184
188,14,63000,0.438,0.9,933
188,14,63000,0.477,0.6,206
188,14,63000,0.524,0.1,0
188,14,63000,0.507,0,0
188,14,63000,0.526,0.3,0
188,14,63000,0.592,1.2,0
189,53,112000,0.338,0.5,2718
189,53,112000,0.36,0.2,2656
189,53,112000,0.356,1,2884
189,53,112000,0.342,0.8,2955
189,53,112000,0.4,0.7,2536
189,53,112000,0.33,1.1,2809
189,53,112000,0.352,0.9,2579
189,53,112000,0.402,0.6,2406
189,53,112000,0.363,0.1,2402
189,53,112000,0.291,0,3177
189,53,112000,0.233,0.3,3661
189,53,112000,0.24,1.2,3894
190,19,78000,0.63,0.5,0
190,19,78000,0.515,0.2,788
190,19,78000,0.477,1,1237
190,19,78000,0.515,0.8,1054
190,19,78000,0.518,0.7,695
190,19,78000,0.57,1.1,735
190,19,78000,0.629,0.9,5
190,19,78000,0.614,0.6,0
190,19,78000,0.502,0.1,689
190,19,78000,0.432,0,1228
190,19,78000,0.461,0.3,1206
190,19,78000,0.514,1.2,1073
191,43,112000,0.413,0.5,1458
191,43,112000,0.42,0.2,1269
191,43,112000,0.489,1,923
191,43,112000,0.48,0.8,900
191,43,112000,0.414,0.7,1584
191,43,112000,0.389,1.1,1803
191,43,112000,0.402,0.9,1965
191,43,112000,0.394,0.6,2018
191,43,112000,0.217,0.1,3180
191,43,112000,0.259,0,2959
191,43,112000,0.246,0.3,3106
191,43,112000,0.294,1.2,2926
192,14,61000,0.693,0.5,0
192,14,61000,0.521,0.2,1285
192,14,61000,0.477,1,1801
192,14,61000,0.533,0.8,1542
192,14,61000,0.488,0.7,1789
192,14,61000,0.48,1.1,2070
192,14,61000,0.493,0.9,1693
192,14,61000,0.553,0.6,1293
192,14,61000,0.551,0.1,885
192,14,61000,0.558,0,983
192,14,61000,0.542,0.3,1036
192,14,61000,0.558,1.2,1556
193,54,110000,0.561,0.5,697
193,54,110000,0.518,0.2,746
193,54,110000,0.525,1,872
193,54,110000,0.54,0.8,737
193,54,110000,0.464,0.7,1367
193,54,110000,0.38,1.1,1939
193,54,110000,0.441,0.9,1687
193,54,110000,0.465,0.6,1348
193,54,110000,0.356,0.1,1826
193,54,110000,0.347,0,1896
193,54,110000,0.262,0.3,3039
193,54,110000,0.207,1.2,3818
194,38,144000,0.455,0.5,1400
194,38,144000,0.378,0.2,1756
194,38,144000,0.466,1,1244
194,38,144000,0.313,0.8,2417
194,38,144000,0.356,0.7,2230
194,38,144000,0.354,1.1,2461
194,38,144000,0.348,0.9,2481
194,38,144000,0.246,0.6,3046
194,38,144000,0.319,0.1,2492
194,38,144000,0.351,0,1982
194,38,144000,0.285,0.3,2863
194,38,144000,0.227,1.2,3540
195,54,90000,0.706,0.5,0
195,54,90000,0.66,0.2,540
195,54,90000,0.645,1,610
195,54,90000,0.62,0.8,376
195,54,90000,0.676,0.7,380
195,54,90000,0.662,1.1,457
195,54,90000,0.639,0.9,490
195,54,90000,0.537,0.6,1047
195,54,90000,0.544,0.1,1212
195,54,90000,0.501,0,1783
195,54,90000,0.403,0.3,2248
195,54,90000,0.449,1.2,2257
196,27,115000,0.576,0.5,0
196,27,115000,0.56,0.2,0
196,27,115000,0.567,1,0
196,27,115000,0.585,0.8,0
196,27,115000,0.476,0.7,721
196,27,115000,0.411,1.1,1441
196,27,115000,0.363,0.9,1980
196,27,115000,0.312,0.6,2098
196,27,115000,0.289,0.1,2157
196,27,115000,0.258,0,2421
196,27,115000,0.305,0.3,2118
196,27,115000,0.295,1.2,2472
197,53,58000,0.495,0.5,1301
197,53,58000,0.421,0.2,1577
197,53,58000,0.382,1,2356
197,53,58000,0.446,0.8,1830
197,53,58000,0.388,0.7,2310
197,53,58000,0.358,1.1,2694
197,53,58000,0.335,0.9,2614
197,53,58000,0.307,0.6,2825
197,53,58000,0.307,0.1,2712
197,53,58000,0.289,0,2712
197,53,58000,0.283,0.3,2801
197,53,58000,0.447,1.2,1819
198,26,83000,0.362,0.5,2919
198,26,83000,0.319,0.2,3186
198,26,83000,0.39,1,2660
198,26,83000,0.358,0.8,2950
198,26,83000,0.331,0.7,3228
198,26,83000,0.437,1.1,2431
198,26,83000,0.453,0.9,2296
198,26,83000,0.452,0.6,2160
198,26,83000,0.419,0.1,2269
198,26,83000,0.365,0,2861
198,26,83000,0.346,0.3,2798
198,26,83000,0.464,1.2,2167
199,9,84000,0.399,0.5,1544
199,9,84000,0.395,0.2,1340
199,9,84000,0.44,1,1319
199,9,84000,0.416,0.8,1747
199,9,84000,0.283,0.7,2631
199,9,84000,0.27,1.1,2814
199,9,84000,0.307,0.9,2445
199,9,84000,0.256,0.6,2653
199,9,84000,0.328,0.1,2026
199,9,84000,0.263,0,2382
199,9,84000,0.265,0.3,2392
199,9,84000,0.338,1.2,2628
200,60,95000,0.703,0.5,0
200,60,95000,0.582,0.2,703
200,60,95000,0.502,1,1734
200,60,95000,0.58,0.8,1000
200,60,95000,0.554,0.7,1273
200,60,95000,0.613,1.1,939
200,60,95000,0.515,0.9,1683
200,60,95000,0.506,0.6,1619
200,60,95000,0.391,0.1,2437
200,60,95000,0.322,0,3110
200,60,95000,0.378,0.3,2827
200,60,95000,0.3,1.2,3636
201,48,55000,0.559,0.5,883
201,48,55000,0.47,0.2,1338
201,48,55000,0.657,1,0
201,48,55000,0.661,0.8,0
201,48,55000,0.576,0.7,614
201,48,55000,0.57,1.1,750
201,48,55000,0.587,0.9,734
201,48,55000,0.519,0.6,970
201,48,55000,0.382,0.1,1984
201,48,55000,0.299,0,2474
201,48,55000,0.421,0.3,2064
201,48,55000,0.39,1.2,1962
202,43,72000,0.548,0.5,465
202,43,72000,0.523,0.2,700
202,43,72000,0.578,1,553
202,43,72000,0.579,0.8,487
202,43,72000,0.58,0.7,469
202,43,72000,0.673,1.1,0
202,43,72000,0.525,0.9,813
202,43,72000,0.365,0.6,1740
202,43,72000,0.358,0.1,1789
202,43,72000,0.332,0,2344
202,43,72000,0.3,0.3,2316
202,43,72000,0.301,1.2,2995
203,55,109000,0.536,0.5,823
203,55,109000,0.433,0.2,1538
203,55,109000,0.391,1,1618
203,55,109000,0.401,0.8,1936
203,55,109000,0.425,0.7,1821
203,55,109000,0.363,1.1,2119
203,55,109000,0.336,0.9,2718
203,55,109000,0.279,0.6,2985
203,55,109000,0.331,0.1,2582
203,55,109000,0.273,0,2737
203,55,109000,0.315,0.3,2472
203,55,109000,0.363,1.2,2482
204,32,112000,0.627,0.5,0
204,32,112000,0.541,0.2,791
204,32,112000,0.641,1,522
204,32,112000,0.562,0.8,839
204,32,112000,0.476,0.7,1892
204,32,112000,0.46,1.1,1693
204,32,112000,0.433,0.9,1889
204,32,112000,0.375,0.6,2103
204,32,112000,0.342,0.1,2582
204,32,112000,0.285,0,2950
204,32,112000,0.316,0.3,2709
204,32,112000,0.353,1.2,2828
205,31,76000,0.556,0.5,721
205,31,76000,0.596,0.2,447
205,31,76000,0.6,1,524
205,31,76000,0.656,0.8,383
205,31,76000,0.612,0.7,680
205,31,76000,0.558,1.1,1028
205,31,76000,0.454,0.9,1966
205,31,76000,0.359,0.6,2164
205,31,76000,0.25,0.1,3112
205,31,76000,0.217,0,3601
205,31,76000,0.241,0.3,3848
205,31,76000,0.164,1.2,4792
206,35,90000,0.537,0.5,1063
206,35,90000,0.435,0.2,1866
206,35,90000,0.523,1,1762
206,35,90000,0.441,0.8,2028
206,35,90000,0.474,0.7,1797
206,35,90000,0.638,1.1,939
206,35,90000,0.517,0.9,1500
206,35,90000,0.614,0.6,641
206,35,90000,0.512,0.1,1203
206,35,90000,0.391,0,2356
206,35,90000,0.516,0.3,1574
206,35,90000,0.578,1.2,925
207,35,121000,0.647,0.5,0
207,35,121000,0.619,0.2,0
207,35,121000,0.635,1,231
207,35,121000,0.627,0.8,481
207,35,121000,0.656,0.7,168
207,35,121000,0.634,1.1,120
207,35,121000,0.666,0.9,190
207,35,121000,0.631,0.6,290
207,35,121000,0.614,0.1,95
207,35,121000,0.662,0,0
207,35,121000,0.629,0.3,260
207,35,121000,0.621,1.2,538
208,38,139000,0.61,0.5,321
208,38,139000,0.63,0.2,0
208,38,139000,0.535,1,881
208,38,139000,0.541,0.8,898
208,38,139000,0.547,0.7,647
208,38,139000,0.514,1.1,967
208,38,139000,0.463,0.9,1683
208,38,139000,0.305,0.6,2581
208,38,139000,0.313,0.1,2656
208,38,139000,0.204,0,3433
208,38,139000,0.154,0.3,4308
208,38,139000,0.255,1.2,3622
209,29,119000,0.389,0.5,1342
209,29,119000,0.42,0.2,1007
209,29,119000,0.487,1,978
209,29,119000,0.288,0.8,2204
209,29,119000,0.256,0.7,2595
209,29,119000,0.374,1.1,1791
209,29,119000,0.377,0.9,1551
209,29,119000,0.35,0.6,1739
209,29,119000,0.279,0.1,2551
209,29,119000,0.291,0,2105
209,29,119000,0.249,0.3,2725
209,29,119000,0.21,1.2,3179
210,58,84000,0.482,0.5,1808
210,58,84000,0.385,0.2,2627
210,58,84000,0.334,1,2925
210,58,84000,0.456,0.8,2634
210,58,84000,0.438,0.7,2428
210,58,84000,0.429,1.1,2699
210,58,84000,0.361,0.9,2893
210,58,84000,0.38,0.6,2850
210,58,84000,0.375,0.1,2728
210,58,84000,0.4,0,2390
210,58,84000,0.417,0.3,2492
210,58,84000,0.313,1.2,3162
211,20,111000,0.599,0.5,0
211,20,111000,0.592,0.2,0
211,20,111000,0.676,1,0
211,20,111000,0.617,0.8,0
211,20,111000,0.574,0.7,416
211,20,111000,0.634,1.1,0
211,20,111000,0.645,0.9,0
211,20,111000,0.581,0.6,141
211,20,111000,0.427,0.1,1092
211,20,111000,0.459,0,1257
211,20,111000,0.389,0.3,1823
211,20,111000,0.372,1.2,2441
212,46,73000,0.522,0.5,793
212,46,73000,0.532,0.2,298
212,46,73000,0.601,1,150
212,46,73000,0.546,0.8,751
212,46,73000,0.509,0.7,641
212,46,73000,0.6,1.1,333
212,46,73000,0.501,0.9,958
212,46,73000,0.486,0.6,1194
212,46,73000,0.396,0.1,1638
212,46,73000,0.388,0,1443
212,46,73000,0.39,0.3,1854
212,46,73000,0.411,1.2,1561
213,23,98000,0.691,0.5,0
213,23,98000,0.521,0.2,711
213,23,98000,0.615,1,223
213,23,98000,0.619,0.8,487
213,23,98000,0.636,0.7,457
213,23,98000,0.524,1.1,1104
213,23,98000,0.501,0.9,1487
213,23,98000,0.441,0.6,1962
213,23,98000,0.545,0.1,614
213,23,98000,0.501,0,1022
213,23,98000,0.473,0.3,1387
213,23,98000,0.504,1.2,1601
214,24,70000,0.405,0.5,1061
214,24,70000,0.359,0.2,1313
214,24,70000,0.46,1,851
214,24,70000,0.412,0.8,1057
214,24,70000,0.374,0.7,1480
214,24,70000,0.344,1.1,1701
214,24,70000,0.324,0.9,1846
214,24,70000,0.301,0.6,2132
214,24,70000,0.358,0.1,1194
214,24,70000,0.375,0,1133
214,24,70000,0.43,0.3,701
214,24,70000,0.425,1.2,1315
215,14,91000,0.607,0.5,0
215,14,91000,0.522,0.2,453
215,14,91000,0.562,1,431
215,14,91000,0.536,0.8,554
215,14,91000,0.618,0.7,25
215,14,91000,0.632,1.1,412
215,14,91000,0.599,0.9,237
215,14,91000,0.534,0.6,407
215,14,91000,0.517,0.1,147
215,14,91000,0.572,0,0
215,14,91000,0.61,0.3,0
215,14,91000,0.623,1.2,185
216,11,62000,0.441,0.5,1274
216,11,62000,0.434,0.2,1150
216,11,62000,0.356,1,1816
216,11,62000,0.36,0.8,1701
216,11,62000,0.462,0.7,1154
216,11,62000,0.461,1.1,1247
216,11,62000,0.511,0.9,622
216,11,62000,0.47,0.6,1013
216,11,62000,0.417,0.1,1097
216,11,62000,0.423,0,1332
216,11,62000,0.443,0.3,1118
216,11,62000,0.347,1.2,2239
217,38,79000,0.474,0.5,988
217,38,79000,0.496,0.2,724
217,38,79000,0.524,1,675
217,38,79000,0.485,0.8,1023
217,38,79000,0.454,0.7,858
217,38,79000,0.507,1.1,863
217,38,79000,0.415,0.9,1736
217,38,79000,0.447,0.6,1304
217,38,79000,0.388,0.1,1526
217,38,79000,0.318,0,1733
217,38,79000,0.403,0.3,1544
217,38,79000,0.477,1.2,1131
218,32,95000,0.545,0.5,1115
218,32,95000,0.538,0.2,1133
218,32,95000,0.61,1,823
218,32,95000,0.671,0.8,157
218,32,95000,0.671,0.7,0
218,32,95000,0.684,1.1,490
218,32,95000,0.566,0.9,938
218,32,95000,0.582,0.6,1173
218,32,95000,0.56,0.1,806
218,32,95000,0.559,0,1242
218,32,95000,0.415,0.3,1954
218,32,95000,0.507,1.2,1920
219,25,86000,0.642,0.5,0
219,25,86000,0.566,0.2,348
219,25,86000,0.602,1,859
219,25,86000,0.413,0.8,1660
219,25,86000,0.345,0.7,2214
219,25,86000,0.377,1.1,2379
219,25,86000,0.373,0.9,2280
219,25,86000,0.342,0.6,2594
219,25,86000,0.288,0.1,3000
219,25,86000,0.272,0,3055
219,25,86000,0.344,0.3,2449
219,25,86000,0.283,1.2,3009
220,19,102000,0.493,0.5,0
220,19,102000,0.472,0.2,41
220,19,102000,0.486,1,135
220,19,102000,0.565,0.8,0
220,19,102000,0.509,0.7,0
220,19,102000,0.542,1.1,14
220,19,102000,0.519,0.9,0
220,19,102000,0.414,0.6,598
220,19,102000,0.469,0.1,153
220,19,102000,0.454,0,390
220,19,102000,0.383,0.3,989
220,19,102000,0.397,1.2,1411
221,20,96000,0.495,0.5,973
221,20,96000,0.459,0.2,882
221,20,96000,0.456,1,1380
221,20,96000,0.5,0.8,1053
221,20,96000,0.495,0.7,1007
221,20,96000,0.522,1.1,1073
221,20,96000,0.409,0.9,1815
221,20,96000,0.479,0.6,1352
221,20,96000,0.449,0.1,1145
221,20,96000,0.518,0,455
221,20,96000,0.633,0.3,0
221,20,96000,0.645,1.2,6
222,27,87000,0.525,0.5,755
222,27,87000,0.455,0.2,806
222,27,87000,0.368,1,1693
222,27,87000,0.252,0.8,2811
222,27,87000,0.254,0.7,3108
222,27,87000,0.282,1.1,2659
222,27,87000,0.272,0.9,2857
222,27,87000,0.17,0.6,4004
222,27,87000,0.184,0.1,3251
222,27,87000,0.194,0,3342
222,27,87000,0.173,0.3,3751
222,27,87000,0.224,1.2,3754
223,32,52000,0.508,0.5,649
223,32,52000,0.397,0.2,1146
223,32,52000,0.519,1,557
223,32,52000,0.561,0.8,347
223,32,52000,0.544,0.7,546
223,32,52000,0.517,1.1,786
223,32,52000,0.419,0.9,1677
223,32,52000,0.36,0.6,1812
223,32,52000,0.334,0.1,1897
223,32,52000,0.424,0,855
223,32,52000,0.395,0.3,1742
223,32,52000,0.376,1.2,1829
224,31,53000,0.444,0.5,1166
224,31,53000,0.497,0.2,765
224,31,53000,0.518,1,964
224,31,53000,0.509,0.8,769
224,31,53000,0.348,0.7,1995
224,31,53000,0.424,1.1,1460
224,31,53000,0.421,0.9,1568
224,31,53000,0.393,0.6,1822
224,31,53000,0.396,0.1,1606
224,31,53000,0.373,0,1745
224,31,53000,0.348,0.3,1836
224,31,53000,0.313,1.2,2605
225,55,70000,0.564,0.5,829
225,55,70000,0.424,0.2,1581
225,55,70000,0.411,1,1884
225,55,70000,0.364,0.8,2397
225,55,70000,0.195,0.7,3928
225,55,70000,0.26,1.1,3386
225,55,70000,0.31,0.9,2669
225,55,70000,0.285,0.6,2933
225,55,70000,0.297,0.1,2804
225,55,70000,0.294,0,2515
225,55,70000,0.298,0.3,2811
225,55,70000,0.389,1.2,2085
226,17,52000,0.457,0.5,1057
226,17,52000,0.39,0.2,1339
226,17,52000,0.556,1,1091
226,17,52000,0.506,0.8,1093
226,17,52000,0.405,0.7,1703
226,17,52000,0.327,1.1,2500
226,17,52000,0.319,0.9,2587
226,17,52000,0.249,0.6,3072
226,17,52000,0.318,0.1,2006
226,17,52000,0.283,0,2400
226,17,52000,0.324,0.3,2105
226,17,52000,0.345,1.2,2392
227,34,81000,0.505,0.5,1561
227,34,81000,0.435,0.2,2086
227,34,81000,0.42,1,2729
227,34,81000,0.451,0.8,2164
227,34,81000,0.405,0.7,2265
227,34,81000,0.387,1.1,2569
227,34,81000,0.289,0.9,3532
227,34,81000,0.366,0.6,2729
227,34,81000,0.241,0.1,3590
227,34,81000,0.18,0,4374
227,34,81000,0.216,0.3,4060
227,34,81000,0.278,1.2,3902
228,33,46000,0.598,0.5,0
228,33,46000,0.52,0.2,565
228,33,46000,0.59,1,284
228,33,46000,0.446,0.8,1235
228,33,46000,0.341,0.7,2330
228,33,46000,0.37,1.1,2208
228,33,46000,0.412,0.9,1572
228,33,46000,0.352,0.6,2263
228,33,46000,0.28,0.1,2633
228,33,46000,0.318,0,2191
228,33,46000,0.286,0.3,2188
228,33,46000,0.315,1.2,2677
229,7,89000,0.434,0.5,1342
229,7,89000,0.468,0.2,892
229,7,89000,0.544,1,596
229,7,89000,0.552,0.8,366
229,7,89000,0.537,0.7,444
229,7,89000,0.5,1.1,910
229,7,89000,0.429,0.9,1292
229,7,89000,0.473,0.6,784
229,7,89000,0.436,0.1,954
229,7,89000,0.361,0,1912
229,7,89000,0.376,0.3,1686
229,7,89000,0.511,1.2,1157
230,21,114000,0.335,0.5,1797
230,21,114000,0.312,0.2,2005
230,21,114000,0.32,1,2192
230,21,114000,0.341,0.8,1671
230,21,114000,0.326,0.7,2020
230,21,114000,0.32,1.1,1938
230,21,114000,0.329,0.9,2026
230,21,114000,0.276,0.6,2175
230,21,114000,0.329,0.1,1343
230,21,114000,0.314,0,1596
230,21,114000,0.3,0.3,2003
230,21,114000,0.373,1.2,1614
231,50,55000,0.471,0.5,796
231,50,55000,0.309,0.2,1947
231,50,55000,0.337,1,2147
231,50,55000,0.327,0.8,2206
231,50,55000,0.257,0.7,2803
231,50,55000,0.249,1.1,2833
231,50,55000,0.29,0.9,2534
231,50,55000,0.219,0.6,2929
231,50,55000,0.259,0.1,2938
231,50,55000,0.18,0,3450
231,50,55000,0.204,0.3,3368
231,50,55000,0.223,1.2,3201
232,15,134000,0.623,0.5,0
232,15,134000,0.552,0.2,0
232,15,134000,0.596,1,36
232,15,134000,0.611,0.8,0
232,15,134000,0.601,0.7,0
232,15,134000,0.606,1.1,563
232,15,134000,0.59,0.9,296
232,15,134000,0.509,0.6,801
232,15,134000,0.501,0.1,758
232,15,134000,0.452,0,1045
232,15,134000,0.404,0.3,1325
232,15,134000,0.535,1.2,749
233,37,96000,0.559,0.5,1551
233,37,96000,0.495,0.2,1749
233,37,96000,0.484,1,2135
233,37,96000,0.496,0.8,2141
233,37,96000,0.354,0.7,2956
233,37,96000,0.384,1.1,3162
233,37,96000,0.343,0.9,3348
233,37,96000,0.423,0.6,2278
233,37,96000,0.392,0.1,2677
233,37,96000,0.288,0,3619
233,37,96000,0.256,0.3,3962
233,37,96000,0.303,1.2,4152
234,14,113000,0.616,0.5,0
234,14,113000,0.589,0.2,74
234,14,113000,0.626,1,148
234,14,113000,0.603,0.8,0
234,14,113000,0.529,0.7,803
234,14,113000,0.594,1.1,48
234,14,113000,0.573,0.9,361
234,14,113000,0.416,0.6,1813
234,14,113000,0.515,0.1,741
234,14,113000,0.498,0,591
234,14,113000,0.487,0.3,1006
234,14,113000,0.565,1.2,449
235,32,59000,0.569,0.5,1023
235,32,59000,0.546,0.2,1362
235,32,59000,0.506,1,1733
235,32,59000,0.468,0.8,2048
235,32,59000,0.366,0.7,2698
235,32,59000,0.354,1.1,2842
235,32,59000,0.35,0.9,2888
235,32,59000,0.256,0.6,3681
235,32,59000,0.219,0.1,4031
235,32,59000,0.172,0,4523
235,32,59000,0.171,0.3,4808
235,32,59000,0.195,1.2,4689
236,41,45000,0.579,0.5,0
236,41,45000,0.567,0.2,0
236,41,45000,0.595,1,0
236,41,45000,0.45,0.8,911
236,41,45000,0.354,0.7,1941
236,41,45000,0.326,1.1,1955
236,41,45000,0.28,0.9,2535
236,41,45000,0.358,0.6,1882
236,41,45000,0.237,0.1,2825
236,41,45000,0.283,0,2572
236,41,45000,0.283,0.3,2430
236,41,45000,0.466,1.2,1547
237,7,82000,0.553,0.5,0
237,7,82000,0.555,0.2,125
237,7,82000,0.566,1,169
237,7,82000,0.595,0.8,0
237,7,82000,0.466,0.7,788
237,7,82000,0.389,1.1,1953
237,7,82000,0.281,0.9,2648
237,7,82000,0.234,0.6,3004
237,7,82000,0.149,0.1,3633
237,7,82000,0.127,0,4088
237,7,82000,0.064,0.3,5629
237,7,82000,0.084,1.2,5484
238,18,81000,0.585,0.5,0
238,18,81000,0.542,0.2,0
238,18,81000,0.569,1,0
238,18,81000,0.618,0.8,0
238,18,81000,0.504,0.7,292
238,18,81000,0.613,1.1,0
238,18,81000,0.589,0.9,0
238,18,81000,0.463,0.6,832
238,18,81000,0.429,0.1,1000
238,18,81000,0.316,0,1818
238,18,81000,0.213,0.3,2927
238,18,81000,0.243,1.2,2766
239,41,66000,0.612,0.5,1001
239,41,66000,0.55,0.2,1259
239,41,66000,0.586,1,1244
239,41,66000,0.462,0.8,1992
239,41,66000,0.45,0.7,2170
239,41,66000,0.432,1.1,2707
239,41,66000,0.362,0.9,3133
239,41,66000,0.339,0.6,3252
239,41,66000,0.319,0.1,3311
239,41,66000,0.291,0,3608
239,41,66000,0.258,0.3,3866
239,41,66000,0.303,1.2,3562
240,9,116000,0.565,0.5,0
240,9,116000,0.503,0.2,268
240,9,116000,0.418,1,1327
240,9,116000,0.573,0.8,250
240,9,116000,0.601,0.7,0
240,9,116000,0.59,1.1,151
240,9,116000,0.576,0.9,49
240,9,116000,0.465,0.6,1108
240,9,116000,0.392,0.1,1210
240,9,116000,0.376,0,1306
240,9,116000,0.457,0.3,866
240,9,116000,0.592,1.2,395
241,22,81000,0.544,0.5,0
241,22,81000,0.532,0.2,0
241,22,81000,0.472,1,627
241,22,81000,0.47,0.8,478
241,22,81000,0.513,0.7,444
241,22,81000,0.432,1.1,925
241,22,81000,0.354,0.9,1675
241,22,81000,0.287,0.6,2010
241,22,81000,0.275,0.1,2006
241,22,81000,0.312,0,1708
241,22,81000,0.287,0.3,1895
241,22,81000,0.264,1.2,2343
242,34,137000,0.655,0.5,0
242,34,137000,0.563,0.2,622
242,34,137000,0.664,1,0
242,34,137000,0.66,0.8,0
242,34,137000,0.54,0.7,745
242,34,137000,0.597,1.1,950
242,34,137000,0.661,0.9,282
242,34,137000,0.589,0.6,392
242,34,137000,0.531,0.1,856
242,34,137000,0.482,0,1128
242,34,137000,0.482,0.3,1464
242,34,137000,0.471,1.2,1622
243,53,72000,0.659,0.5,0
243,53,72000,0.608,0.2,519
243,53,72000,0.654,1,220
243,53,72000,0.654,0.8,136
243,53,72000,0.69,0.7,0
243,53,72000,0.654,1.1,0
243,53,72000,0.541,0.9,918
243,53,72000,0.642,0.6,458
243,53,72000,0.576,0.1,713
243,53,72000,0.501,0,1518
243,53,72000,0.424,0.3,2108
243,53,72000,0.294,1.2,3214
244,31,114000,0.344,0.5,2580
244,31,114000,0.274,0.2,3064
244,31,114000,0.276,1,3443
244,31,114000,0.257,0.8,3390
244,31,114000,0.214,0.7,3630
244,31,114000,0.273,1.1,3329
244,31,114000,0.295,0.9,3473
244,31,114000,0.194,0.6,4127
244,31,114000,0.136,0.1,4718
244,31,114000,0.167,0,4470
244,31,114000,0.172,0.3,4453
244,31,114000,0.137,1.2,5178
245,18,77000,0.604,0.5,956
245,18,77000,0.466,0.2,1520
245,18,77000,0.559,1,1391
245,18,77000,0.469,0.8,2273
245,18,77000,0.374,0.7,2766
245,18,77000,0.34,1.1,3115
245,18,77000,0.338,0.9,3085
245,18,77000,0.312,0.6,3453
245,18,77000,0.249,0.1,4018
245,18,77000,0.286,0,3107
245,18,77000,0.259,0.3,3878
245,18,77000,0.415,1.2,2863
246,11,37000,0.205,0.5,2238
246,11,37000,0.305,0.2,1728
246,11,37000,0.302,1,1734
246,11,37000,0.248,0.8,2155
246,11,37000,0.352,0.7,1294
246,11,37000,0.314,1.1,1650
246,11,37000,0.242,0.9,2162
246,11,37000,0.264,0.6,2039
246,11,37000,0.227,0.1,2181
246,11,37000,0.203,0,2150
246,11,37000,0.174,0.3,2818
246,11,37000,0.217,1.2,2642
247,9,121000,0.579,0.5,0
247,9,121000,0.509,0.2,285
247,9,121000,0.565,1,106
247,9,121000,0.517,0.8,411
247,9,121000,0.59,0.7,0
247,9,121000,0.597,1.1,0
247,9,121000,0.592,0.9,0
247,9,121000,0.486,0.6,457
247,9,121000,0.451,0.1,713
247,9,121000,0.453,0,467
247,9,121000,0.434,0.3,460
247,9,121000,0.428,1.2,1209
248,60,109000,0.617,0.5,514
248,60,109000,0.62,0.2,514
248,60,109000,0.576,1,962
248,60,109000,0.489,0.8,1849
248,60,109000,0.359,0.7,2799
248,60,109000,0.364,1.1,2924
248,60,109000,0.486,0.9,2169
248,60,109000,0.453,0.6,2092
248,60,109000,0.411,0.1,2211
248,60,109000,0.495,0,1770
248,60,109000,0.566,0.3,1285
248,60,109000,0.597,1.2,1171
249,58,98000,0.601,0.5,624
249,58,98000,0.51,0.2,1108
249,58,98000,0.527,1,1492
249,58,98000,0.475,0.8,1838
249,58,98000,0.381,0.7,2200
249,58,98000,0.434,1.1,1792
249,58,98000,0.382,0.9,2248
249,58,98000,0.345,0.6,2679
249,58,98000,0.279,0.1,3263
249,58,98000,0.235,0,3779
249,58,98000,0.17,0.3,4544
249,58,98000,0.194,1.2,4420
250,26,49000,0.732,0.5,0
250,26,49000,0.641,0.2,0
250,26,49000,0.679,1,292
250,26,49000,0.722,0.8,0
250,26,49000,0.683,0.7,0
250,26,49000,0.702,1.1,0
250,26,49000,0.725,0.9,0
250,26,49000,0.654,0.6,433
250,26,49000,0.629,0.1,715
250,26,49000,0.528,0,1158
250,26,49000,0.522,0.3,1368
250,26,49000,0.606,1.2,1125
251,6,122000,0.529,0.5,236
251,6,122000,0.568,0.2,32
251,6,122000,0.574,1,595
251,6,122000,0.509,0.8,847
251,6,122000,0.314,0.7,2242
251,6,122000,0.354,1.1,2274
251,6,122000,0.325,0.9,2384
251,6,122000,0.277,0.6,2795
251,6,122000,0.261,0.1,2765
251,6,122000,0.216,0,3043
251,6,122000,0.213,0.3,3160
251,6,122000,0.219,1.2,3656
252,48,62000,0.513,0.5,992
252,48,62000,0.394,0.2,1677
252,48,62000,0.464,1,1221
252,48,62000,0.52,0.8,1167
252,48,62000,0.494,0.7,1463
252,48,62000,0.516,1.1,1197
252,48,62000,0.503,0.9,1489
252,48,62000,0.552,0.6,1041
252,48,62000,0.465,0.1,952
252,48,62000,0.555,0,530
252,48,62000,0.623,0.3,347
252,48,62000,0.595,1.2,606
253,53,64000,0.465,0.5,1461
253,53,64000,0.563,0.2,420
253,53,64000,0.571,1,409
253,53,64000,0.578,0.8,493
253,53,64000,0.514,0.7,1113
253,53,64000,0.533,1.1,1045
253,53,64000,0.424,0.9,1686
253,53,64000,0.533,0.6,696
253,53,64000,0.402,0.1,1784
253,53,64000,0.372,0,2042
253,53,64000,0.345,0.3,2216
253,53,64000,0.356,1.2,2644
254,46,65000,0.413,0.5,1702
254,46,65000,0.37,0.2,1937
254,46,65000,0.308,1,2679
254,46,65000,0.298,0.8,2608
254,46,65000,0.268,0.7,2993
254,46,65000,0.323,1.1,2574
254,46,65000,0.322,0.9,2587
254,46,65000,0.248,0.6,2966
254,46,65000,0.208,0.1,3357
254,46,65000,0.273,0,2621
254,46,65000,0.284,0.3,2735
254,46,65000,0.245,1.2,3520
255,12,65000,0.267,0.5,2394
255,12,65000,0.258,0.2,2087
255,12,65000,0.311,1,2021
255,12,65000,0.346,0.8,1685
255,12,65000,0.232,0.7,2865
255,12,65000,0.21,1.1,3247
255,12,65000,0.171,0.9,3598
255,12,65000,0.134,0.6,4058
255,12,65000,0.121,0.1,4080
255,12,65000,0.08,0,4784
255,12,65000,0.064,0.3,5634
255,12,65000,0.059,1.2,6276
256,23,120000,0.443,0.5,1245
256,23,120000,0.412,0.2,1358
256,23,120000,0.611,1,303
256,23,120000,0.517,0.8,716
256,23,120000,0.505,0.7,950
256,23,120000,0.596,1.1,311
256,23,120000,0.499,0.9,888
256,23,120000,0.471,0.6,1033
256,23,120000,0.406,0.1,1119
256,23,120000,0.361,0,1976
256,23,120000,0.343,0.3,2135
256,23,120000,0.341,1.2,2560
257,26,104000,0.284,0.5,3053
257,26,104000,0.281,0.2,3384
257,26,104000,0.198,1,4635
257,26,104000,0.181,0.8,4589
257,26,104000,0.19,0.7,4486
257,26,104000,0.218,1.1,4540
257,26,104000,0.165,0.9,4811
257,26,104000,0.2,0.6,4413
257,26,104000,0.197,0.1,3863
257,26,104000,0.233,0,3880
257,26,104000,0.19,0.3,4331
257,26,104000,0.234,1.2,4349
258,26,136000,0.665,0.5,0
258,26,136000,0.511,0.2,1039
258,26,136000,0.52,1,1257
258,26,136000,0.552,0.8,913
258,26,136000,0.403,0.7,1815
258,26,136000,0.488,1.1,1723
258,26,136000,0.505,0.9,1765
258,26,136000,0.244,0.6,3444
258,26,136000,0.277,0.1,2944
258,26,136000,0.283,0,2859
258,26,136000,0.258,0.3,3193
258,26,136000,0.276,1.2,3520
259,19,90000,0.529,0.5,589
259,19,90000,0.479,0.2,957
259,19,90000,0.38,1,1532
259,19,90000,0.404,0.8,1598
259,19,90000,0.34,0.7,2372
259,19,90000,0.276,1.1,2796
259,19,90000,0.196,0.9,3546
259,19,90000,0.178,0.6,3813
259,19,90000,0.158,0.1,4171
259,19,90000,0.149,0,4032
259,19,90000,0.201,0.3,3349
259,19,90000,0.214,1.2,3427
260,37,78000,0.411,0.5,1402
260,37,78000,0.291,0.2,2052
260,37,78000,0.285,1,2702
260,37,78000,0.256,0.8,2881
260,37,78000,0.306,0.7,2521
260,37,78000,0.359,1.1,2197
260,37,78000,0.446,0.9,1162
260,37,78000,0.343,0.6,1945
260,37,78000,0.25,0.1,2713
260,37,78000,0.231,0,2754
260,37,78000,0.184,0.3,3536
260,37,78000,0.186,1.2,3882
261,11,70000,0.422,0.5,1332
261,11,70000,0.523,0.2,484
261,11,70000,0.537,1,795
261,11,70000,0.371,0.8,2037
261,11,70000,0.348,0.7,2554
261,11,70000,0.365,1.1,2307
261,11,70000,0.388,0.9,1809
261,11,70000,0.354,0.6,2133
261,11,70000,0.362,0.1,1717
261,11,70000,0.331,0,2258
261,11,70000,0.394,0.3,1713
261,11,70000,0.565,1.2,712
262,29,88000,0.482,0.5,1540
262,29,88000,0.352,0.2,2342
262,29,88000,0.411,1,2416
262,29,88000,0.404,0.8,2171
262,29,88000,0.351,0.7,2565
262,29,88000,0.358,1.1,2581
262,29,88000,0.44,0.9,2063
262,29,88000,0.355,0.6,2280
262,29,88000,0.467,0.1,1506
262,29,88000,0.394,0,1844
262,29,88000,0.443,0.3,1680
262,29,88000,0.366,1.2,2891
263,56,71000,0.644,0.5,449
263,56,71000,0.429,0.2,1842
263,56,71000,0.373,1,2607
263,56,71000,0.305,0.8,3168
263,56,71000,0.315,0.7,3190
263,56,71000,0.29,1.1,3548
263,56,71000,0.258,0.9,3711
263,56,71000,0.209,0.6,4399
263,56,71000,0.189,0.1,4262
263,56,71000,0.204,0,3725
263,56,71000,0.271,0.3,3515
263,56,71000,0.274,1.2,3399
264,51,143000,0.612,0.5,0
264,51,143000,0.585,0.2,0
264,51,143000,0.646,1,0
264,51,143000,0.623,0.8,0
264,51,143000,0.573,0.7,422
264,51,143000,0.571,1.1,219
264,51,143000,0.597,0.9,268
264,51,143000,0.446,0.6,1283
264,51,143000,0.421,0.1,1382
264,51,143000,0.471,0,1273
264,51,143000,0.486,0.3,798
264,51,143000,0.573,1.2,409
265,22,108000,0.506,0.5,1493
265,22,108000,0.432,0.2,1609
265,22,108000,0.575,1,817
265,22,108000,0.552,0.8,738
265,22,108000,0.43,0.7,1926
265,22,108000,0.376,1.1,2339
265,22,108000,0.403,0.9,2193
265,22,108000,0.406,0.6,2285
265,22,108000,0.476,0.1,1292
265,22,108000,0.525,0,1026
265,22,108000,0.5,0.3,992
265,22,108000,0.506,1.2,1618
266,54,94000,0.533,0.5,1040
266,54,94000,0.461,0.2,1610
266,54,94000,0.663,1,110
266,54,94000,0.603,0.8,655
266,54,94000,0.589,0.7,887
266,54,94000,0.494,1.1,1550
266,54,94000,0.469,0.9,1607
266,54,94000,0.498,0.6,1306
266,54,94000,0.516,0.1,899
266,54,94000,0.529,0,1008
266,54,94000,0.522,0.3,1088
266,54,94000,0.546,1.2,1249
267,60,94000,0.705,0.5,0
267,60,94000,0.718,0.2,0
267,60,94000,0.715,1,0
267,60,94000,0.656,0.8,881
267,60,94000,0.735,0.7,0
267,60,94000,0.676,1.1,362
267,60,94000,0.659,0.9,717
267,60,94000,0.734,0.6,42
267,60,94000,0.678,0.1,749
267,60,94000,0.709,0,0
267,60,94000,0.7,0.3,0
267,60,94000,0.665,1.2,623
268,21,46000,0.521,0.5,558
268,21,46000,0.476,0.2,480
268,21,46000,0.488,1,790
268,21,46000,0.544,0.8,454
268,21,46000,0.457,0.7,756
268,21,46000,0.389,1.1,1942
268,21,46000,0.26,0.9,2890
268,21,46000,0.26,0.6,2784
268,21,46000,0.214,0.1,2828
268,21,46000,0.169,0,3515
268,21,46000,0.177,0.3,3523
268,21,46000,0.184,1.2,3727
269,57,54000,0.564,0.5,0
269,57,54000,0.554,0.2,443
269,57,54000,0.512,1,1065
269,57,54000,0.46,0.8,1081
269,57,54000,0.37,0.7,1873
269,57,54000,0.376,1.1,2112
269,57,54000,0.395,0.9,1714
269,57,54000,0.396,0.6,1923
269,57,54000,0.28,0.1,2618
269,57,54000,0.214,0,2968
269,57,54000,0.239,0.3,3202
269,57,54000,0.225,1.2,3554
270,19,76000,0.504,0.5,0
270,19,76000,0.476,0.2,0
270,19,76000,0.512,1,0
270,19,76000,0.506,0.8,91
270,19,76000,0.489,0.7,486
270,19,76000,0.455,1.1,712
270,19,76000,0.483,0.9,306
270,19,76000,0.466,0.6,248
270,19,76000,0.444,0.1,0
270,19,76000,0.459,0,254
270,19,76000,0.436,0.3,494
270,19,76000,0.532,1.2,35
271,23,84000,0.59,0.5,0
271,23,84000,0.549,0.2,0
271,23,84000,0.616,1,0
271,23,84000,0.569,0.8,258
271,23,84000,0.581,0.7,0
271,23,84000,0.562,1.1,358
271,23,84000,0.464,0.9,967
271,23,84000,0.44,0.6,1143
271,23,84000,0.398,0.1,1408
271,23,84000,0.342,0,1865
271,23,84000,0.334,0.3,2202
271,23,84000,0.497,1.2,1230
272,49,93000,0.5,0.5,2022
272,49,93000,0.517,0.2,1757
272,49,93000,0.469,1,2325
272,49,93000,0.416,0.8,2749
272,49,93000,0.417,0.7,2609
272,49,93000,0.457,1.1,2700
272,49,93000,0.49,0.9,2258
272,49,93000,0.5,0.6,1834
272,49,93000,0.5,0.1,1659
272,49,93000,0.554,0,1569
272,49,93000,0.504,0.3,1670
272,49,93000,0.517,1.2,2075
273,34,57000,0.585,0.5,0
273,34,57000,0.6,0.2,158
273,34,57000,0.64,1,0
273,34,57000,0.628,0.8,116
273,34,57000,0.61,0.7,186
273,34,57000,0.602,1.1,277
273,34,57000,0.616,0.9,86
273,34,57000,0.639,0.6,0
273,34,57000,0.503,0.1,770
273,34,57000,0.417,0,1517
273,34,57000,0.44,0.3,1197
273,34,57000,0.515,1.2,915
274,31,59000,0.453,0.5,1139
274,31,59000,0.544,0.2,594
274,31,59000,0.58,1,341
274,31,59000,0.58,0.8,340
274,31,59000,0.593,0.7,0
274,31,59000,0.63,1.1,0
274,31,59000,0.556,0.9,403
274,31,59000,0.547,0.6,346
274,31,59000,0.422,0.1,1280
274,31,59000,0.409,0,1483
274,31,59000,0.403,0.3,1242
274,31,59000,0.521,1.2,1075
275,42,73000,0.426,0.5,1289
275,42,73000,0.538,0.2,792
275,42,73000,0.431,1,1550
275,42,73000,0.424,0.8,1718
275,42,73000,0.33,0.7,2262
275,42,73000,0.424,1.1,1862
275,42,73000,0.339,0.9,2461
275,42,73000,0.281,0.6,2843
275,42,73000,0.386,0.1,1910
275,42,73000,0.294,0,2244
275,42,73000,0.348,0.3,1919
275,42,73000,0.254,1.2,3555
276,54,73000,0.44,0.5,1528
276,54,73000,0.467,0.2,1235
276,54,73000,0.534,1,1006
276,54,73000,0.593,0.8,765
276,54,73000,0.617,0.7,408
276,54,73000,0.612,1.1,663
276,54,73000,0.54,0.9,729
276,54,73000,0.569,0.6,513
276,54,73000,0.545,0.1,813
276,54,73000,0.629,0,122
276,54,73000,0.562,0.3,728
276,54,73000,0.486,1.2,1385
277,41,119000,0.719,0.5,0
277,41,119000,0.7,0.2,0
277,41,119000,0.701,1,352
277,41,119000,0.621,0.8,1069
277,41,119000,0.565,0.7,1520
277,41,119000,0.545,1.1,1762
277,41,119000,0.583,0.9,1495
277,41,119000,0.386,0.6,2980
277,41,119000,0.25,0.1,3937
277,41,119000,0.267,0,3790
277,41,119000,0.197,0.3,4483
277,41,119000,0.192,1.2,4755
278,15,108000,0.683,0.5,0
278,15,108000,0.59,0.2,0
278,15,108000,0.563,1,724
278,15,108000,0.575,0.8,634
278,15,108000,0.471,0.7,1476
278,15,108000,0.423,1.1,2140
278,15,108000,0.42,0.9,1923
278,15,108000,0.289,0.6,2600
278,15,108000,0.32,0.1,2501
278,15,108000,0.287,0,2805
278,15,108000,0.222,0.3,3717
278,15,108000,0.269,1.2,3194
279,33,89000,0.585,0.5,594
279,33,89000,0.5,0.2,1278
279,33,89000,0.533,1,1154
279,33,89000,0.45,0.8,1771
279,33,89000,0.441,0.7,1809
279,33,89000,0.469,1.1,1694
279,33,89000,0.524,0.9,1198
279,33,89000,0.548,0.6,808
279,33,89000,0.51,0.1,896
279,33,89000,0.41,0,1359
279,33,89000,0.508,0.3,1011
279,33,89000,0.512,1.2,1039
280,32,75000,0.306,0.5,2572
280,32,75000,0.262,0.2,2927
280,32,75000,0.239,1,3180
280,32,75000,0.248,0.8,3128
280,32,75000,0.263,0.7,3222
280,32,75000,0.205,1.1,3513
280,32,75000,0.273,0.9,3120
280,32,75000,0.248,0.6,3220
280,32,75000,0.226,0.1,3394
280,32,75000,0.212,0,3465
280,32,75000,0.167,0.3,3772
280,32,75000,0.217,1.2,3859
281,60,91000,0.615,0.5,501
281,60,91000,0.705,0.2,221
281,60,91000,0.734,1,0
281,60,91000,0.633,0.8,501
281,60,91000,0.689,0.7,101
281,60,91000,0.707,1.1,274
281,60,91000,0.698,0.9,105
281,60,91000,0.72,0.6,329
281,60,91000,0.672,0.1,446
281,60,91000,0.62,0,730
281,60,91000,0.675,0.3,237
281,60,91000,0.634,1.2,540
282,32,149000,0.301,0.5,2256
282,32,149000,0.192,0.2,3222
282,32,149000,0.187,1,3729
282,32,149000,0.14,0.8,4113
282,32,149000,0.157,0.7,3852
282,32,149000,0.216,1.1,3554
282,32,149000,0.188,0.9,3645
282,32,149000,0.191,0.6,3785
282,32,149000,0.171,0.1,3628
282,32,149000,0.168,0,3789
282,32,149000,0.137,0.3,3924
282,32,149000,0.165,1.2,4156
283,23,42000,0.531,0.5,856
283,23,42000,0.502,0.2,1098
283,23,42000,0.602,1,566
283,23,42000,0.55,0.8,785
283,23,42000,0.566,0.7,615
283,23,42000,0.509,1.1,1075
283,23,42000,0.402,0.9,1901
283,23,42000,0.397,0.6,1880
283,23,42000,0.392,0.1,1896
283,23,42000,0.398,0,1690
283,23,42000,0.344,0.3,2267
283,23,42000,0.445,1.2,1793
284,9,96000,0.36,0.5,1938
284,9,96000,0.403,0.2,1356
284,9,96000,0.398,1,1613
284,9,96000,0.363,0.8,1993
284,9,96000,0.432,0.7,1638
284,9,96000,0.389,1.1,1800
284,9,96000,0.348,0.9,2268
284,9,96000,0.377,0.6,2084
284,9,96000,0.303,0.1,2337
284,9,96000,0.277,0,2407
284,9,96000,0.242,0.3,2929
284,9,96000,0.289,1.2,2749
285,31,67000,0.58,0.5,374
285,31,67000,0.628,0.2,0
285,31,67000,0.667,1,37
285,31,67000,0.646,0.8,0
285,31,67000,0.627,0.7,0
285,31,67000,0.544,1.1,735
285,31,67000,0.588,0.9,414
285,31,67000,0.538,0.6,848
285,31,67000,0.5,0.1,1232
285,31,67000,0.322,0,2435
285,31,67000,0.329,0.3,2322
285,31,67000,0.326,1.2,2666
286,29,67000,0.516,0.5,799
286,29,67000,0.478,0.2,1070
286,29,67000,0.521,1,1241
286,29,67000,0.539,0.8,1077
286,29,67000,0.464,0.7,1492
286,29,67000,0.458,1.1,1580
286,29,67000,0.314,0.9,2884
286,29,67000,0.289,0.6,2887
286,29,67000,0.269,0.1,3097
286,29,67000,0.227,0,3335
286,29,67000,0.186,0.3,3892
286,29,67000,0.2,1.2,4089
287,19,81000,0.472,0.5,1712
287,19,81000,0.364,0.2,2180
287,19,81000,0.459,1,1962
287,19,81000,0.456,0.8,1583
287,19,81000,0.528,0.7,1239
287,19,81000,0.614,1.1,602
287,19,81000,0.639,0.9,318
287,19,81000,0.567,0.6,895
287,19,81000,0.48,0.1,1022
287,19,81000,0.589,0,457
287,19,81000,0.572,0.3,861
287,19,81000,0.654,1.2,295
288,38,85000,0.428,0.5,989
288,38,85000,0.381,0.2,950
288,38,85000,0.52,1,377
288,38,85000,0.444,0.8,961
288,38,85000,0.302,0.7,2010
288,38,85000,0.312,1.1,2098
288,38,85000,0.204,0.9,3062
288,38,85000,0.156,0.6,3521
288,38,85000,0.188,0.1,3141
288,38,85000,0.164,0,3423
288,38,85000,0.217,0.3,2724
288,38,85000,0.263,1.2,2321
289,16,86000,0.605,0.5,592
289,16,86000,0.633,0.2,0
289,16,86000,0.676,1,0
289,16,86000,0.665,0.8,0
289,16,86000,0.691,0.7,104
289,16,86000,0.614,1.1,583
289,16,86000,0.478,0.9,1652
289,16,86000,0.389,0.6,2326
289,16,86000,0.332,0.1,2260
289,16,86000,0.299,0,2427
289,16,86000,0.329,0.3,2714
289,16,86000,0.391,1.2,2320
290,27,64000,0.386,0.5,1854
290,27,64000,0.391,0.2,1888
290,27,64000,0.465,1,1478
290,27,64000,0.34,0.8,2007
290,27,64000,0.413,0.7,1690
290,27,64000,0.354,1.1,2615
290,27,64000,0.18,0.9,4094
290,27,64000,0.178,0.6,3971
290,27,64000,0.125,0.1,4639
290,27,64000,0.121,0,4637
290,27,64000,0.093,0.3,4889
290,27,64000,0.09,1.2,5766
291,53,69000,0.615,0.5,292
291,53,69000,0.673,0.2,0
291,53,69000,0.602,1,553
291,53,69000,0.66,0.8,251
291,53,69000,0.569,0.7,640
291,53,69000,0.639,1.1,507
291,53,69000,0.646,0.9,550
291,53,69000,0.551,0.6,751
291,53,69000,0.495,0.1,1126
291,53,69000,0.349,0,2267
291,53,69000,0.382,0.3,2091
291,53,69000,0.397,1.2,2180
292,13,124000,0.49,0.5,861
292,13,124000,0.439,0.2,1098
292,13,124000,0.467,1,1066
292,13,124000,0.436,0.8,1382
292,13,124000,0.475,0.7,1109
292,13,124000,0.464,1.1,1532
292,13,124000,0.413,0.9,1490
292,13,124000,0.36,0.6,1899
292,13,124000,0.353,0.1,1795
292,13,124000,0.346,0,1836
292,13,124000,0.426,0.3,1369
292,13,124000,0.427,1.2,1564
293,53,55000,0.71,0.5,276
293,53,55000,0.703,0.2,339
293,53,55000,0.742,1,0
293,53,55000,0.746,0.8,0
293,53,55000,0.62,0.7,1178
293,53,55000,0.524,1.1,2118
293,53,55000,0.456,0.9,2646
293,53,55000,0.328,0.6,3616
293,53,55000,0.376,0.1,3099
293,53,55000,0.348,0,3323
293,53,55000,0.366,0.3,3043
293,53,55000,0.341,1.2,3680
294,9,85000,0.562,0.5,0
294,9,85000,0.518,0.2,432
294,9,85000,0.443,1,1138
294,9,85000,0.407,0.8,1513
294,9,85000,0.341,0.7,1872
294,9,85000,0.327,1.1,1942
294,9,85000,0.292,0.9,2269
294,9,85000,0.229,0.6,2789
294,9,85000,0.228,0.1,3034
294,9,85000,0.189,0,2972
294,9,85000,0.175,0.3,3326
294,9,85000,0.22,1.2,3287
295,43,99000,0.3,0.5,3094
295,43,99000,0.247,0.2,3487
295,43,99000,0.212,1,3718
295,43,99000,0.218,0.8,3538
295,43,99000,0.225,0.7,3572
295,43,99000,0.172,1.1,4601
295,43,99000,0.129,0.9,4936
295,43,99000,0.137,0.6,4752
295,43,99000,0.119,0.1,5104
295,43,99000,0.128,0,5184
295,43,99000,0.121,0.3,4885
295,43,99000,0.125,1.2,5390
296,7,59000,0.445,0.5,820
296,7,59000,0.472,0.2,670
296,7,59000,0.498,1,386
296,7,59000,0.487,0.8,877
296,7,59000,0.456,0.7,719
296,7,59000,0.482,1.1,1071
296,7,59000,0.485,0.9,342
296,7,59000,0.53,0.6,161
296,7,59000,0.508,0.1,69
296,7,59000,0.488,0,360
296,7,59000,0.373,0.3,1305
296,7,59000,0.424,1.2,1285
297,9,91000,0.558,0.5,0
297,9,91000,0.536,0.2,0
297,9,91000,0.535,1,342
297,9,91000,0.515,0.8,291
297,9,91000,0.526,0.7,409
297,9,91000,0.506,1.1,756
297,9,91000,0.587,0.9,47
297,9,91000,0.519,0.6,0
297,9,91000,0.438,0.1,583
297,9,91000,0.335,0,1587
297,9,91000,0.217,0.3,2840
297,9,91000,0.256,1.2,2998
298,39,104000,0.533,0.5,734
298,39,104000,0.57,0.2,211
298,39,104000,0.626,1,0
298,39,104000,0.544,0.8,488
298,39,104000,0.562,0.7,401
298,39,104000,0.646,1.1,80
298,39,104000,0.638,0.9,0
298,39,104000,0.65,0.6,0
298,39,104000,0.637,0.1,0
298,39,104000,0.589,0,0
298,39,104000,0.603,0.3,0
298,39,104000,0.626,1.2,35
299,35,85000,0.577,0.5,472
299,35,85000,0.424,0.2,1318
299,35,85000,0.552,1,861
299,35,85000,0.388,0.8,2094
299,35,85000,0.297,0.7,2682
299,35,85000,0.29,1.1,3130
299,35,85000,0.252,0.9,3499
299,35,85000,0.307,0.6,2748
299,35,85000,0.315,0.1,2408
299,35,85000,0.261,0,3059
299,35,85000,0.204,0.3,3629
299,35,85000,0.323,1.2,2881
300,28,66000,0.451,0.5,1396
300,28,66000,0.475,0.2,842
300,28,66000,0.451,1,1510
300,28,66000,0.316,0.8,2340
300,28,66000,0.384,0.7,1943
300,28,66000,0.456,1.1,1424
300,28,66000,0.533,0.9,962
300,28,66000,0.473,0.6,987
300,28,66000,0.435,0.1,1287
300,28,66000,0.368,0,1873
300,28,66000,0.312,0.3,2374
300,28,66000,0.315,1.2,3008
